ID_Funcionario;Nome;Genero;Data_Nascimento;Idade;Estado;Cidade;Departamento;Cargo;Nivel;Data_Admissao;Data_Desligamento;Status;Salario;Tipo_Contrato;Modalidade;Avaliacao_Desempenho;Satisfacao;Horas_Treinamento;Promovido;Ultima_Promocao;Ferias_Dias;Faltas;Horas_Extras;Salario_Anterior;Motivo_Desligamento;Ano_Admissao;Ano_Desligamento;Tempo_Empresa_Anos
1;Bruno Nascimento Almeida;Masculino;1984-03-24 00:00:00;42;RJ;Rio de Janeiro;Financeiro;Coordenador Financeiro;Coordenação;2018-05-11 00:00:00;;Ativo;8770;CLT;Presencial;3.9;5;30;Sim;2022-08-29 00:00:00;8;5;8.3;8250;;2018;;8.38
2;Beatriz Nascimento Pereira;Feminino;1983-06-04 00:00:00;43;RJ;Rio de Janeiro;Logística;Auxiliar de Logística;Júnior;2022-01-10 00:00:00;;Ativo;2800;PJ;Híbrido;3.5;5;11;Não;;12;4;10.8;2560;;2022;;4.71
3;Débora Rodrigues Oliveira;Feminino;1972-11-08 00:00:00;53;ES;Vitória;Marketing;Assistente de Marketing;Júnior;2020-08-11 00:00:00;2025-01-13 00:00:00;Desligado;2920;CLT;Híbrido;3.3;3;48;Não;;20;3;17;2630;Desempenho;2020;2025;4.42
4;Felipe Nascimento Almeida;Masculino;1990-01-08 00:00:00;36;PA;Belém;Tecnologia;Suporte Técnico;Júnior;2021-07-16 00:00:00;;Ativo;2910;PJ;Híbrido;4;3;17;Não;;12;5;1.3;2450;;2021;;5.19
5;Thiago Gomes Carvalho;Masculino;1993-04-05 00:00:00;33;CE;Fortaleza;Jurídico;Assistente Jurídico;Júnior;2026-06-23 00:00:00;;Ativo;2950;CLT;Híbrido;3.4;4;42;Não;;16;3;7.9;2840;;2026;;0.26
6;Helena Nascimento Araújo;Feminino;1977-05-14 00:00:00;49;MG;Belo Horizonte;Jurídico;Assistente Jurídico;Júnior;2026-02-05 00:00:00;2026-06-12 00:00:00;Desligado;4160;CLT;Híbrido;4.4;1;44;Não;;20;1;7.8;3640;Desempenho;2026;2026;0.35
7;Ana Araújo Rocha;Feminino;1971-02-12 00:00:00;55;PA;Belém;Marketing;Analista de Marketing;Pleno;2018-08-26 00:00:00;;Ativo;5700;CLT;Híbrido;4.3;5;12;Sim;2022-04-25 00:00:00;30;0;2.8;5420;;2018;;8.08
8;Patricia Rodrigues Lima;Feminino;1995-11-21 00:00:00;30;SC;Florianópolis;Jurídico;Advogado;Sênior;2023-01-24 00:00:00;;Ativo;8510;CLT;Híbrido;3.4;2;41;Sim;2024-06-17 00:00:00;22;2;4.3;8130;;2023;;3.67
9;Eduardo Almeida Nascimento;Masculino;2001-04-18 00:00:00;25;MG;Belo Horizonte;Jurídico;Assistente Jurídico;Júnior;2023-04-22 00:00:00;;Ativo;3070;CLT;Híbrido;3;1;47;Não;;20;4;13.8;2670;;2023;;3.43
10;Sabrina Rodrigues Rodrigues;Feminino;1998-03-14 00:00:00;28;MG;Belo Horizonte;Marketing;Coordenador de Marketing;Coordenação;2020-10-20 00:00:00;2021-10-23 00:00:00;Desligado;9050;PJ;Híbrido;4;1;45;Não;;26;3;8.3;8440;Desempenho;2020;2021;1.01
11;Natália Rocha Rodrigues;Feminino;1995-01-06 00:00:00;31;BA;Salvador;Tecnologia;Analista de Dados;Pleno;2020-12-22 00:00:00;2025-07-16 00:00:00;Desligado;7090;CLT;Remoto;4.4;4;13;Sim;2023-03-12 00:00:00;30;2;18.7;5880;Mudança de cidade;2020;2025;4.56
12;Marcelo Costa Santos;Masculino;2002-02-28 00:00:00;24;MG;Belo Horizonte;Financeiro;Assistente Financeiro;Júnior;2025-07-28 00:00:00;2026-04-20 00:00:00;Desligado;2660;PJ;Presencial;4;5;6;Não;;13;1;0.5;2310;Mudança de cidade;2025;2026;0.73
13;André Almeida Nascimento;Masculino;1995-03-22 00:00:00;31;GO;Goiânia;Marketing;Coordenador de Marketing;Coordenação;2021-07-19 00:00:00;2022-02-12 00:00:00;Desligado;7530;CLT;Híbrido;4.3;5;20;Sim;2024-07-02 00:00:00;28;4;12.8;6500;Nova oportunidade;2021;2022;0.57
14;Yasmin Silva Lima;Feminino;1976-03-09 00:00:00;50;RJ;Rio de Janeiro;Financeiro;Analista Financeiro;Pleno;2021-01-20 00:00:00;;Ativo;5030;CLT;Híbrido;3.8;3;36;Não;;28;3;6.8;4600;;2021;;5.68
15;Carlos Silva Araújo;Masculino;1978-11-09 00:00:00;47;MG;Belo Horizonte;Jurídico;Advogado;Sênior;2025-11-30 00:00:00;;Ativo;7540;CLT;Remoto;4.3;3;41;Não;;13;1;12.2;7200;;2025;;0.82
16;Carlos Fernandes Rodrigues;Masculino;1985-11-04 00:00:00;40;SC;Florianópolis;Logística;Analista de Logística;Pleno;2020-08-27 00:00:00;2022-10-21 00:00:00;Desligado;5740;CLT;Híbrido;4;3;30;Não;;27;2;2.7;4840;Reestruturação;2020;2022;2.15
17;Carlos Rocha Almeida;Masculino;1982-08-12 00:00:00;44;RS;Porto Alegre;Comercial;Analista Comercial;Pleno;2018-04-07 00:00:00;;Ativo;5200;CLT;Presencial;3.7;5;29;Não;;26;1;0;4350;;2018;;8.47
18;Mariana Nascimento Santos;Feminino;1976-10-14 00:00:00;49;SC;Florianópolis;Operações;Coordenador de Operações;Coordenação;2024-10-19 00:00:00;2025-04-15 00:00:00;Desligado;8850;CLT;Presencial;3.3;4;4;Não;;25;0;5.3;8240;Reestruturação;2024;2025;0.49
19;Isabela Oliveira Araújo;Feminino;1990-11-28 00:00:00;35;RJ;Rio de Janeiro;Marketing;Designer;Pleno;2025-06-24 00:00:00;;Ativo;4710;CLT;Presencial;2.2;2;43;Não;;12;5;7.8;4060;;2025;;1.25
20;André Martins Martins;Masculino;1998-11-07 00:00:00;27;CE;Fortaleza;Jurídico;Advogado;Sênior;2019-11-27 00:00:00;;Ativo;8780;CLT;Híbrido;3.6;1;19;Não;;7;3;4.3;7260;;2019;;6.83
21;Eduardo Martins Gomes;Masculino;1982-12-23 00:00:00;43;BA;Salvador;Jurídico;Analista Jurídico;Pleno;2020-09-26 00:00:00;;Ativo;6560;PJ;Remoto;4.4;2;15;Não;;22;0;5.8;5620;;2020;;6
22;Larissa Pereira Martins;Feminino;2003-09-20 00:00:00;23;SC;Florianópolis;Jurídico;Advogado;Sênior;2026-01-25 00:00:00;2026-07-13 00:00:00;Desligado;11240;CLT;Remoto;3.6;4;32;Não;;7;3;3.2;10530;Nova oportunidade;2026;2026;0.46
23;Vanessa Martins Oliveira;Feminino;1988-04-09 00:00:00;38;SC;Florianópolis;Operações;Assistente de Operações;Júnior;2019-07-21 00:00:00;;Ativo;2860;CLT;Presencial;3.1;4;30;Sim;2025-03-21 00:00:00;13;3;0;2750;;2019;;7.18
24;Felipe Rocha Silva;Masculino;1992-05-25 00:00:00;34;BA;Salvador;Logística;Analista de Logística;Pleno;2023-06-23 00:00:00;;Ativo;4760;CLT;Presencial;4.3;4;14;Não;;29;4;15;3920;;2023;;3.26
25;Bruno Oliveira Gomes;Masculino;1978-08-06 00:00:00;48;SP;São Paulo;Marketing;Coordenador de Marketing;Coordenação;2021-09-02 00:00:00;;Ativo;8640;CLT;Híbrido;3.6;3;9;Não;;23;0;0;7540;;2021;;5.06
26;Carlos Silva Almeida;Masculino;1982-01-20 00:00:00;44;MG;Belo Horizonte;Comercial;Analista Comercial;Pleno;2023-04-24 00:00:00;;Ativo;5690;CLT;Híbrido;2.9;3;14;Não;;30;2;4.5;5370;;2023;;3.42
27;Gabriel Silva Lima;Masculino;1994-07-23 00:00:00;32;PR;Curitiba;Financeiro;Analista Financeiro;Pleno;2019-02-22 00:00:00;;Ativo;5250;CLT;Híbrido;3.8;1;26;Não;;21;0;2.3;4570;;2019;;7.59
28;Natália Souza Gomes;Feminino;1993-11-27 00:00:00;32;PE;Recife;Recursos Humanos;Coordenador de RH;Coordenação;2019-12-23 00:00:00;;Ativo;10880;CLT;Híbrido;4.2;5;34;Não;;26;2;2.5;10310;;2019;;6.76
29;Fernanda Nascimento Martins;Feminino;1985-08-19 00:00:00;41;PI;Teresina;Logística;Supervisor de Logística;Supervisão;2018-04-28 00:00:00;;Ativo;5950;CLT;Híbrido;3.6;5;48;Não;;17;4;25;4960;;2018;;8.41
30;Natália Almeida Rocha;Feminino;2001-08-26 00:00:00;25;SP;São Paulo;Financeiro;Analista Contábil;Pleno;2020-06-26 00:00:00;;Ativo;5160;CLT;Híbrido;3.7;5;37;Não;;23;1;6;4580;;2020;;6.25
31;Rafael Souza Rodrigues;Masculino;1990-02-24 00:00:00;36;CE;Fortaleza;Recursos Humanos;Analista de RH;Pleno;2020-06-05 00:00:00;;Ativo;4920;CLT;Híbrido;2.1;2;22;Sim;2022-06-07 00:00:00;9;0;16.6;4240;;2020;;6.31
32;William Pereira Rocha;Masculino;1976-01-19 00:00:00;50;RS;Porto Alegre;Jurídico;Analista Jurídico;Pleno;2022-12-10 00:00:00;;Ativo;7400;CLT;Remoto;3.7;1;8;Não;;2;0;3;6240;;2022;;3.79
33;Yasmin Oliveira Almeida;Feminino;1977-09-25 00:00:00;49;BA;Salvador;Comercial;Coordenador Comercial;Coordenação;2023-01-20 00:00:00;2024-11-18 00:00:00;Desligado;10940;Estágio;Presencial;3;1;17;Não;;8;1;5.8;9260;Pedido de demissão;2023;2024;1.83
34;Henrique Martins Rocha;Masculino;1988-01-08 00:00:00;38;RS;Porto Alegre;Marketing;Coordenador de Marketing;Coordenação;2018-10-19 00:00:00;;Ativo;10730;PJ;Híbrido;3.3;2;31;Sim;2021-01-21 00:00:00;20;3;12.4;9030;;2018;;7.93
35;Yasmin Lima Martins;Feminino;1977-08-23 00:00:00;49;RS;Porto Alegre;Logística;Supervisor de Logística;Supervisão;2023-08-12 00:00:00;;Ativo;6210;CLT;Remoto;3.5;1;9;Sim;;26;0;14;5110;;2023;;3.12
36;Vanessa Santos Costa;Feminino;2000-09-21 00:00:00;26;PE;Recife;Marketing;Analista de Marketing;Pleno;2024-07-25 00:00:00;;Ativo;6440;Estágio;Híbrido;2.9;4;25;Não;;3;4;3.1;5950;;2024;;2.17
37;Gabriela Santos Martins;Feminino;1975-06-09 00:00:00;51;SC;Florianópolis;Financeiro;Coordenador Financeiro;Coordenação;2023-10-09 00:00:00;;Ativo;8000;PJ;Híbrido;4.3;5;35;Não;;24;3;13.2;6720;;2023;;2.96
38;Natália Souza Silva;Feminino;1985-12-06 00:00:00;40;RS;Porto Alegre;Tecnologia;Analista de BI;Pleno;2022-07-30 00:00:00;;Ativo;9470;PJ;Híbrido;3.8;1;45;Não;;15;4;5.6;8770;;2022;;4.16
39;Marcelo Rocha Almeida;Masculino;1999-09-05 00:00:00;27;BA;Salvador;Comercial;Analista Comercial;Pleno;2018-10-13 00:00:00;;Ativo;6370;CLT;Remoto;2.4;3;23;Não;;18;2;16.1;5370;;2018;;7.95
40;Caio Araújo Carvalho;Masculino;1999-06-28 00:00:00;27;PR;Curitiba;Comercial;Coordenador Comercial;Coordenação;2020-08-14 00:00:00;;Ativo;9140;CLT;Híbrido;3.6;4;28;Não;;25;5;0;8170;;2020;;6.11
41;Beatriz Souza Martins;Feminino;1976-09-15 00:00:00;50;SP;São Paulo;Recursos Humanos;Coordenador de RH;Coordenação;2025-05-05 00:00:00;2025-08-11 00:00:00;Desligado;9140;Estágio;Presencial;3.3;3;47;Não;;12;0;17.4;8710;Nova oportunidade;2025;2025;0.27
42;Carlos Oliveira Almeida;Masculino;1988-04-24 00:00:00;38;RJ;Rio de Janeiro;Logística;Auxiliar de Logística;Júnior;2026-07-12 00:00:00;;Ativo;3070;CLT;Híbrido;3.3;1;6;Não;;1;2;14.5;2580;;2026;;0.21
43;Mariana Costa Costa;Feminino;1975-10-28 00:00:00;50;BA;Salvador;Comercial;Coordenador Comercial;Coordenação;2024-07-16 00:00:00;;Ativo;9340;CLT;Presencial;4.8;3;47;Não;;2;3;2;8480;;2024;;2.19
44;Isabela Nascimento Martins;Feminino;1989-04-13 00:00:00;37;PA;Belém;Jurídico;Assistente Jurídico;Júnior;2020-08-29 00:00:00;;Ativo;3300;CLT;Híbrido;3.8;1;46;Não;;0;0;3.7;3070;;2020;;6.07
45;Natália Lima Almeida;Feminino;1992-04-21 00:00:00;34;PR;Curitiba;Marketing;Analista de Marketing;Pleno;2025-01-17 00:00:00;;Ativo;5880;CLT;Híbrido;4.2;2;9;Não;;10;3;7.9;4940;;2025;;1.69
46;Débora Nascimento Costa;Feminino;1986-08-26 00:00:00;40;RS;Porto Alegre;Operações;Assistente de Operações;Júnior;2023-04-03 00:00:00;2024-03-16 00:00:00;Desligado;3300;CLT;Híbrido;3.2;4;39;Não;;25;1;11.4;2770;Mudança de cidade;2023;2024;0.95
47;Thiago Carvalho Fernandes;Masculino;1976-11-08 00:00:00;49;PE;Recife;Tecnologia;Analista de BI;Pleno;2024-04-18 00:00:00;;Ativo;8140;CLT;Híbrido;2.6;4;11;Sim;2025-07-03 00:00:00;9;3;11.5;6960;;2024;;2.44
48;Felipe Martins Fernandes;Masculino;1996-10-24 00:00:00;29;DF;Brasília;Recursos Humanos;Coordenador de RH;Coordenação;2025-05-06 00:00:00;;Ativo;9210;CLT;Remoto;3.6;1;48;Não;;14;1;9.7;8050;;2025;;1.39
49;Débora Fernandes Santos;Feminino;1995-05-07 00:00:00;31;RJ;Rio de Janeiro;Jurídico;Assistente Jurídico;Júnior;2025-06-07 00:00:00;;Ativo;3700;Estágio;Presencial;2.6;5;17;Sim;;24;8;0;3490;;2025;;1.3
50;Juliana Silva Nascimento;Feminino;1979-03-18 00:00:00;47;RS;Porto Alegre;Recursos Humanos;Assistente de RH;Júnior;2025-05-31 00:00:00;2025-10-05 00:00:00;Desligado;2520;PJ;Presencial;3.3;3;5;Sim;;1;4;13.2;2110;Pedido de demissão;2025;2025;0.35
51;Débora Souza Martins;Feminino;2002-04-20 00:00:00;24;SP;São Paulo;Marketing;Coordenador de Marketing;Coordenação;2025-03-20 00:00:00;2025-06-19 00:00:00;Desligado;11000;PJ;Híbrido;4.4;4;8;Não;;10;4;6;9470;Reestruturação;2025;2025;0.25
52;André Carvalho Lima;Masculino;1999-09-20 00:00:00;27;BA;Salvador;Financeiro;Assistente Financeiro;Júnior;2025-05-05 00:00:00;;Ativo;3500;CLT;Presencial;3.4;4;18;Não;;26;1;10.1;2920;;2025;;1.39
53;Thiago Fernandes Pereira;Masculino;2000-02-03 00:00:00;26;PA;Belém;Financeiro;Assistente Financeiro;Júnior;2022-11-04 00:00:00;;Ativo;3460;PJ;Híbrido;2.9;3;46;Sim;2025-10-28 00:00:00;27;1;2.1;3290;;2022;;3.89
54;William Lima Fernandes;Masculino;1976-10-17 00:00:00;49;PR;Curitiba;Recursos Humanos;Coordenador de RH;Coordenação;2020-07-07 00:00:00;;Ativo;8730;CLT;Presencial;2.7;3;40;Sim;2023-12-02 00:00:00;27;0;3.5;7970;;2020;;6.22
55;Bruno Nascimento Silva;Masculino;1981-05-23 00:00:00;45;ES;Vitória;Marketing;Designer;Pleno;2021-12-08 00:00:00;;Ativo;6110;CLT;Híbrido;4.2;1;9;Não;;6;5;2.5;5150;;2021;;4.8
56;André Oliveira Santos;Masculino;1979-03-25 00:00:00;47;PI;Teresina;Tecnologia;Engenheiro de Dados;Sênior;2018-12-01 00:00:00;;Ativo;12970;CLT;Híbrido;4.1;3;17;Não;;3;2;10.8;11950;;2018;;7.82
57;Yasmin Santos Almeida;Feminino;1995-10-02 00:00:00;30;SP;São Paulo;Comercial;Executivo de Vendas;Pleno;2020-05-15 00:00:00;;Ativo;7560;CLT;Presencial;2.9;2;28;Não;;7;3;0;7110;;2020;;6.36
58;Carlos Gomes Silva;Masculino;1999-02-28 00:00:00;27;SC;Florianópolis;Logística;Coordenador de Logística;Coordenação;2025-12-16 00:00:00;;Ativo;7870;CLT;Remoto;3.6;2;43;Não;;22;3;6.5;7450;;2025;;0.77
59;Gabriela Oliveira Carvalho;Feminino;1989-12-11 00:00:00;36;PR;Curitiba;Operações;Analista de Operações;Pleno;2018-11-09 00:00:00;;Ativo;4290;CLT;Remoto;3;2;19;Sim;2021-04-16 00:00:00;6;5;9.9;4010;;2018;;7.88
60;Natália Martins Martins;Feminino;1990-11-11 00:00:00;35;MG;Belo Horizonte;Jurídico;Assistente Jurídico;Júnior;2023-04-05 00:00:00;;Ativo;3220;CLT;Presencial;3.9;5;8;Não;;14;4;9.6;2780;;2023;;3.47
61;Fernanda Carvalho Martins;Feminino;1972-08-26 00:00:00;54;PI;Teresina;Comercial;Executivo de Vendas;Pleno;2024-10-14 00:00:00;;Ativo;5100;CLT;Presencial;4.1;1;36;Não;;1;1;8.1;4520;;2024;;1.95
62;Lucas Fernandes Fernandes;Masculino;1988-07-14 00:00:00;38;ES;Vitória;Operações;Assistente de Operações;Júnior;2025-01-28 00:00:00;;Ativo;2480;CLT;Híbrido;4.3;3;20;Não;;21;5;5.9;2090;;2025;;1.66
63;Juliana Fernandes Lima;Feminino;1995-03-20 00:00:00;31;DF;Brasília;Financeiro;Analista Contábil;Pleno;2024-04-08 00:00:00;;Ativo;6640;PJ;Híbrido;4.1;5;9;Não;;13;0;6.7;5750;;2024;;2.46
64;Beatriz Rocha Rodrigues;Feminino;1984-03-05 00:00:00;42;RJ;Rio de Janeiro;Marketing;Assistente de Marketing;Júnior;2023-09-11 00:00:00;;Ativo;3750;PJ;Presencial;3.6;3;43;Sim;;4;4;19.3;3510;;2023;;3.04
65;Lucas Martins Santos;Masculino;1996-06-22 00:00:00;30;DF;Brasília;Comercial;Coordenador Comercial;Coordenação;2024-11-05 00:00:00;;Ativo;10490;CLT;Híbrido;3.2;4;16;Não;;30;6;1.2;9810;;2024;;1.89
66;Henrique Costa Rodrigues;Masculino;1978-05-02 00:00:00;48;GO;Goiânia;Jurídico;Analista Jurídico;Pleno;2024-03-21 00:00:00;2026-05-18 00:00:00;Desligado;7040;PJ;Presencial;3.3;2;21;Não;;16;4;14;6770;Desempenho;2024;2026;2.16
67;Caio Silva Gomes;Masculino;1973-07-17 00:00:00;53;SC;Florianópolis;Comercial;Coordenador Comercial;Coordenação;2018-12-01 00:00:00;;Ativo;7610;PJ;Híbrido;2.9;2;6;Não;;26;0;0;7110;;2018;;7.82
68;Ana Oliveira Silva;Feminino;1986-04-27 00:00:00;40;MG;Belo Horizonte;Logística;Auxiliar de Logística;Júnior;2021-03-26 00:00:00;;Ativo;2320;CLT;Híbrido;3.8;5;33;Sim;;28;0;8;2120;;2021;;5.5
69;Juliana Lima Gomes;Feminino;1970-10-12 00:00:00;55;PR;Curitiba;Logística;Analista de Logística;Pleno;2025-06-14 00:00:00;;Ativo;4950;CLT;Remoto;2.5;5;39;Sim;;27;2;0;4790;;2025;;1.28
70;Bruno Fernandes Oliveira;Masculino;1992-04-24 00:00:00;34;GO;Goiânia;Financeiro;Analista Contábil;Pleno;2019-07-01 00:00:00;;Ativo;5970;PJ;Presencial;3.8;4;48;Não;;5;3;5.7;5590;;2019;;7.24
71;William Rodrigues Santos;Masculino;1982-01-11 00:00:00;44;RS;Porto Alegre;Logística;Coordenador de Logística;Coordenação;2020-11-03 00:00:00;;Ativo;8940;CLT;Remoto;4.5;3;11;Não;;13;3;16.9;8530;;2020;;5.89
72;Mariana Rocha Rocha;Feminino;1993-09-09 00:00:00;33;ES;Vitória;Financeiro;Coordenador Financeiro;Coordenação;2018-11-20 00:00:00;;Ativo;11480;CLT;Presencial;2.9;1;9;Não;;9;2;16.9;10150;;2018;;7.85
73;Caio Martins Santos;Masculino;1992-10-14 00:00:00;33;RS;Porto Alegre;Tecnologia;Desenvolvedor Júnior;Júnior;2025-07-12 00:00:00;;Ativo;5040;PJ;Híbrido;3.9;5;47;Não;;1;2;11.6;4620;;2025;;1.2
74;Carlos Pereira Martins;Masculino;1993-06-15 00:00:00;33;ES;Vitória;Financeiro;Analista Financeiro;Pleno;2023-12-09 00:00:00;;Ativo;5290;CLT;Remoto;3.9;1;15;Não;;12;3;6.2;4950;;2023;;2.8
75;Patricia Lima Rocha;Feminino;1982-02-05 00:00:00;44;PA;Belém;Financeiro;Coordenador Financeiro;Coordenação;2019-12-09 00:00:00;2025-02-03 00:00:00;Desligado;11490;PJ;Remoto;4.6;1;39;Não;;28;2;6.7;10640;Reestruturação;2019;2025;5.16
76;Débora Almeida Souza;Feminino;1982-03-08 00:00:00;44;ES;Vitória;Jurídico;Assistente Jurídico;Júnior;2022-01-18 00:00:00;;Ativo;3320;PJ;Híbrido;4;5;9;Sim;2025-04-12 00:00:00;22;2;0;3110;;2022;;4.68
77;Eduardo Pereira Araújo;Masculino;1974-08-15 00:00:00;52;GO;Goiânia;Operações;Analista de Operações;Pleno;2024-03-08 00:00:00;;Ativo;4450;Estágio;Híbrido;3.8;1;37;Sim;2026-02-08 00:00:00;5;2;3.1;3880;;2024;;2.55
78;William Oliveira Nascimento;Masculino;1982-11-18 00:00:00;43;RS;Porto Alegre;Recursos Humanos;Analista de Recrutamento;Pleno;2024-11-21 00:00:00;;Ativo;5260;CLT;Remoto;4.5;2;14;Não;;23;4;4.3;5040;;2024;;1.84
79;Bruno Oliveira Santos;Masculino;1986-11-07 00:00:00;39;ES;Vitória;Logística;Auxiliar de Logística;Júnior;2023-08-02 00:00:00;2025-05-16 00:00:00;Desligado;2840;CLT;Presencial;3.8;4;8;Não;;5;1;0.5;2420;Fim de contrato;2023;2025;1.79
80;André Fernandes Carvalho;Masculino;1978-06-17 00:00:00;48;CE;Fortaleza;Financeiro;Analista Contábil;Pleno;2020-09-17 00:00:00;;Ativo;5220;CLT;Presencial;3.9;3;28;Não;;13;3;22;4410;;2020;;6.02
81;André Rodrigues Costa;Masculino;2001-09-15 00:00:00;25;PE;Recife;Marketing;Coordenador de Marketing;Coordenação;2018-04-05 00:00:00;;Ativo;8880;CLT;Presencial;3.4;3;35;Não;;26;2;3.5;8000;;2018;;8.47
82;Isabela Pereira Nascimento;Feminino;1993-07-12 00:00:00;33;SP;São Paulo;Logística;Auxiliar de Logística;Júnior;2024-05-24 00:00:00;;Ativo;2560;CLT;Híbrido;3;4;39;Não;;19;2;4.8;2470;;2024;;2.34
83;Beatriz Fernandes Pereira;Feminino;1982-10-17 00:00:00;43;BA;Salvador;Tecnologia;Desenvolvedor Júnior;Júnior;2018-06-09 00:00:00;;Ativo;4970;CLT;Híbrido;3;3;43;Não;;12;1;19.5;4300;;2018;;8.3
84;Natália Lima Rocha;Feminino;1971-06-11 00:00:00;55;GO;Goiânia;Financeiro;Coordenador Financeiro;Coordenação;2024-07-18 00:00:00;;Ativo;11150;PJ;Híbrido;3.5;5;34;Não;;20;3;0;10110;;2024;;2.19
85;Marcelo Costa Carvalho;Masculino;1979-11-08 00:00:00;46;SP;São Paulo;Financeiro;Analista Financeiro;Pleno;2018-03-19 00:00:00;;Ativo;5550;CLT;Presencial;2.7;4;7;Não;;16;2;9.6;5100;;2018;;8.52
86;André Costa Martins;Masculino;1991-09-12 00:00:00;35;GO;Goiânia;Marketing;Coordenador de Marketing;Coordenação;2020-02-27 00:00:00;2023-06-13 00:00:00;Desligado;9450;CLT;Remoto;4.2;3;22;Não;;22;2;2.1;8240;Reestruturação;2020;2023;3.29
87;Helena Carvalho Carvalho;Feminino;1992-03-10 00:00:00;34;SP;São Paulo;Marketing;Assistente de Marketing;Júnior;2021-11-19 00:00:00;2025-09-22 00:00:00;Desligado;2880;CLT;Presencial;2.1;3;12;Sim;;18;1;8.2;2750;Desempenho;2021;2025;3.84
88;Daniela Souza Gomes;Feminino;1991-12-16 00:00:00;34;RJ;Rio de Janeiro;Recursos Humanos;Assistente de RH;Júnior;2024-03-04 00:00:00;2024-10-11 00:00:00;Desligado;3030;PJ;Remoto;3.8;4;45;Sim;;10;2;10.4;2830;Reestruturação;2024;2024;0.61
89;Carlos Costa Gomes;Masculino;1981-01-27 00:00:00;45;BA;Salvador;Jurídico;Assistente Jurídico;Júnior;2026-05-26 00:00:00;2026-08-12 00:00:00;Desligado;4030;CLT;Híbrido;5;3;33;Não;;17;6;0;3390;Fim de contrato;2026;2026;0.21
90;Nicolas Souza Araújo;Masculino;1980-12-15 00:00:00;45;GO;Goiânia;Marketing;Analista de Marketing;Pleno;2018-02-27 00:00:00;;Ativo;6370;CLT;Híbrido;3.4;2;43;Não;;28;1;12.1;5540;;2018;;8.57
91;Gabriel Costa Pereira;Masculino;2000-06-08 00:00:00;26;SP;São Paulo;Marketing;Coordenador de Marketing;Coordenação;2020-08-22 00:00:00;;Ativo;8430;CLT;Híbrido;3.1;3;48;Sim;2025-05-20 00:00:00;3;2;4;7780;;2020;;6.09
92;Yasmin Souza Lima;Feminino;1993-10-08 00:00:00;32;PR;Curitiba;Recursos Humanos;Coordenador de RH;Coordenação;2019-09-20 00:00:00;;Ativo;10960;CLT;Híbrido;3.7;4;38;Não;;26;3;13.2;10230;;2019;;7.01
93;Fernanda Martins Fernandes;Feminino;1974-10-04 00:00:00;51;SP;São Paulo;Comercial;Analista Comercial;Pleno;2019-11-05 00:00:00;;Ativo;5560;CLT;Presencial;3.4;5;32;Não;;14;2;12.9;5030;;2019;;6.89
94;Yasmin Silva Carvalho;Feminino;1986-01-24 00:00:00;40;PR;Curitiba;Financeiro;Assistente Financeiro;Júnior;2022-10-02 00:00:00;;Ativo;2580;Estágio;Remoto;4.1;1;34;Sim;2026-01-16 00:00:00;5;3;0;2490;;2022;;3.98
95;Henrique Fernandes Carvalho;Masculino;1998-07-13 00:00:00;28;RJ;Rio de Janeiro;Recursos Humanos;Analista de Recrutamento;Pleno;2019-05-01 00:00:00;;Ativo;5340;CLT;Híbrido;3.6;1;23;Não;;23;3;0;5040;;2019;;7.4
96;Caio Pereira Nascimento;Masculino;1982-12-25 00:00:00;43;RJ;Rio de Janeiro;Tecnologia;Suporte Técnico;Júnior;2025-05-28 00:00:00;;Ativo;4100;PJ;Presencial;3.4;2;8;Sim;;1;0;11.5;3900;;2025;;1.33
97;Carlos Carvalho Martins;Masculino;1984-09-07 00:00:00;42;ES;Vitória;Tecnologia;Desenvolvedor Pleno;Pleno;2023-08-26 00:00:00;2025-02-15 00:00:00;Desligado;8950;CLT;Presencial;2.8;3;19;Não;;4;1;16.5;7890;Mudança de cidade;2023;2025;1.48
98;Mariana Gomes Rocha;Feminino;1973-06-21 00:00:00;53;GO;Goiânia;Logística;Supervisor de Logística;Supervisão;2025-10-23 00:00:00;;Ativo;5540;CLT;Híbrido;3.5;4;19;Não;;9;3;5;4930;;2025;;0.92
99;Henrique Gomes Pereira;Masculino;1994-04-09 00:00:00;32;PR;Curitiba;Operações;Assistente de Operações;Júnior;2023-01-17 00:00:00;;Ativo;2510;CLT;Presencial;3.5;5;6;Não;;6;5;11.1;2310;;2023;;3.69
100;Patricia Araújo Lima;Feminino;1970-04-07 00:00:00;56;DF;Brasília;Financeiro;Coordenador Financeiro;Coordenação;2020-09-20 00:00:00;;Ativo;10460;CLT;Presencial;2.8;3;22;Não;;17;1;3.2;9140;;2020;;6.01
101;Larissa Souza Rocha;Feminino;1990-04-12 00:00:00;36;SC;Florianópolis;Logística;Auxiliar de Logística;Júnior;2024-04-23 00:00:00;2026-07-21 00:00:00;Desligado;2350;CLT;Remoto;3;2;16;Não;;12;2;3.2;2120;Reestruturação;2024;2026;2.24
102;Natália Rocha Martins;Feminino;1980-12-26 00:00:00;45;SC;Florianópolis;Recursos Humanos;Analista de RH;Pleno;2026-01-29 00:00:00;;Ativo;4680;PJ;Remoto;3.4;1;37;Sim;;27;6;13.8;3870;;2026;;0.65
103;Igor Almeida Oliveira;Masculino;1979-01-07 00:00:00;47;CE;Fortaleza;Jurídico;Analista Jurídico;Pleno;2018-09-05 00:00:00;;Ativo;6500;CLT;Híbrido;3.5;5;30;Sim;2022-08-24 00:00:00;23;3;5;5350;;2018;;8.05
104;Isabela Costa Souza;Feminino;1976-09-05 00:00:00;50;PR;Curitiba;Comercial;Executivo de Vendas;Pleno;2021-12-22 00:00:00;;Ativo;6090;CLT;Híbrido;5;5;19;Não;;7;1;20.5;5070;;2021;;4.76
105;Carlos Oliveira Carvalho;Masculino;1994-07-18 00:00:00;32;PE;Recife;Tecnologia;Engenheiro de Dados;Sênior;2018-02-08 00:00:00;;Ativo;9500;PJ;Híbrido;2.7;1;37;Não;;7;7;11.4;9050;;2018;;8.63
106;Carlos Oliveira Nascimento;Masculino;1972-03-28 00:00:00;54;SC;Florianópolis;Tecnologia;Desenvolvedor Pleno;Pleno;2024-08-01 00:00:00;;Ativo;8960;PJ;Remoto;4.9;3;14;Não;;18;4;2;8550;;2024;;2.15
107;Igor Oliveira Fernandes;Masculino;1973-02-14 00:00:00;53;PR;Curitiba;Financeiro;Analista Contábil;Pleno;2024-10-14 00:00:00;;Ativo;7080;CLT;Híbrido;4.1;4;35;Sim;;30;3;4.8;6430;;2024;;1.95
108;William Almeida Oliveira;Masculino;1975-05-05 00:00:00;51;BA;Salvador;Recursos Humanos;Coordenador de RH;Coordenação;2021-07-21 00:00:00;;Ativo;7820;PJ;Híbrido;3.9;3;10;Sim;2023-08-08 00:00:00;13;0;10.8;6890;;2021;;5.18
109;Caio Oliveira Araújo;Masculino;1994-01-10 00:00:00;32;BA;Salvador;Logística;Auxiliar de Logística;Júnior;2026-02-16 00:00:00;2026-06-18 00:00:00;Desligado;2770;CLT;Híbrido;4;4;13;Sim;;13;4;7;2600;Mudança de cidade;2026;2026;0.33
110;Sabrina Rocha Rodrigues;Feminino;1999-02-05 00:00:00;27;RS;Porto Alegre;Tecnologia;Analista de Dados;Pleno;2021-09-22 00:00:00;;Ativo;6830;PJ;Híbrido;4.1;4;45;Não;;4;2;17;6310;;2021;;5.01
111;Mariana Carvalho Araújo;Feminino;1988-12-23 00:00:00;37;GO;Goiânia;Jurídico;Advogado;Sênior;2020-09-19 00:00:00;;Ativo;8760;PJ;Híbrido;4;5;15;Não;;17;2;19.1;8420;;2020;;6.02
112;William Oliveira Gomes;Masculino;2001-03-21 00:00:00;25;RS;Porto Alegre;Comercial;Executivo de Vendas;Pleno;2025-05-21 00:00:00;;Ativo;6190;CLT;Híbrido;3.8;5;34;Não;;17;0;7.3;5720;;2025;;1.35
113;Débora Oliveira Souza;Feminino;1985-11-22 00:00:00;40;SC;Florianópolis;Recursos Humanos;Assistente de RH;Júnior;2024-04-25 00:00:00;2026-05-18 00:00:00;Desligado;3340;Estágio;Presencial;3.7;1;20;Sim;;16;2;0;2850;Mudança de cidade;2024;2026;2.06
114;Juliana Fernandes Silva;Feminino;2000-02-10 00:00:00;26;BA;Salvador;Financeiro;Assistente Financeiro;Júnior;2026-03-10 00:00:00;;Ativo;2910;CLT;Presencial;3.2;4;26;Não;;14;2;0.4;2420;;2026;;0.54
115;Helena Silva Araújo;Feminino;1976-11-26 00:00:00;49;MG;Belo Horizonte;Comercial;Analista Comercial;Pleno;2024-03-10 00:00:00;;Ativo;5680;Estágio;Presencial;3.3;4;29;Sim;;28;3;11;4990;;2024;;2.54
116;Patricia Nascimento Oliveira;Feminino;1976-09-06 00:00:00;50;SC;Florianópolis;Operações;Analista de Operações;Pleno;2023-02-18 00:00:00;;Ativo;5680;CLT;Remoto;4.4;3;42;Não;;12;1;4.6;5380;;2023;;3.6
117;Yasmin Oliveira Pereira;Feminino;1990-02-08 00:00:00;36;RS;Porto Alegre;Financeiro;Analista Financeiro;Pleno;2022-03-10 00:00:00;;Ativo;5780;CLT;Presencial;3.3;5;48;Não;;29;3;16.9;5160;;2022;;4.54
118;André Martins Santos;Masculino;1992-01-16 00:00:00;34;MG;Belo Horizonte;Comercial;Coordenador Comercial;Coordenação;2024-04-19 00:00:00;;Ativo;9480;CLT;Híbrido;3.6;4;35;Sim;;0;3;3.3;7820;;2024;;2.43
119;William Costa Martins;Masculino;2001-09-17 00:00:00;25;RJ;Rio de Janeiro;Financeiro;Analista Contábil;Pleno;2024-02-03 00:00:00;;Ativo;5490;PJ;Presencial;3.4;4;10;Não;;20;0;8;5320;;2024;;2.64
120;Caio Oliveira Martins;Masculino;1977-04-07 00:00:00;49;ES;Vitória;Operações;Coordenador de Operações;Coordenação;2019-11-11 00:00:00;;Ativo;10250;PJ;Híbrido;3.1;5;26;Não;;19;1;6.5;9490;;2019;;6.87
121;Vanessa Souza Pereira;Feminino;1996-01-09 00:00:00;30;PA;Belém;Recursos Humanos;Analista de RH;Pleno;2020-10-19 00:00:00;;Ativo;5040;CLT;Híbrido;3.3;3;44;Não;;14;3;19.1;4710;;2020;;5.93
122;Vanessa Fernandes Martins;Feminino;2001-06-19 00:00:00;25;SP;São Paulo;Financeiro;Coordenador Financeiro;Coordenação;2025-02-13 00:00:00;;Ativo;9250;CLT;Híbrido;4.1;2;31;Não;;15;2;21.1;8050;;2025;;1.61
123;Natália Araújo Santos;Feminino;1972-02-21 00:00:00;54;ES;Vitória;Jurídico;Assistente Jurídico;Júnior;2019-05-24 00:00:00;2021-04-30 00:00:00;Desligado;3420;CLT;Remoto;3.9;2;45;Não;;27;5;13.1;3140;Mudança de cidade;2019;2021;1.94
124;Lucas Santos Carvalho;Masculino;1989-12-23 00:00:00;36;ES;Vitória;Comercial;Coordenador Comercial;Coordenação;2025-05-08 00:00:00;;Ativo;7880;CLT;Presencial;3.4;5;18;Não;;14;6;8.6;7430;;2025;;1.38
125;Isabela Pereira Rocha;Feminino;1974-04-13 00:00:00;52;RJ;Rio de Janeiro;Financeiro;Assistente Financeiro;Júnior;2021-07-07 00:00:00;;Ativo;2890;CLT;Híbrido;4.3;2;8;Não;;0;0;4.8;2520;;2021;;5.22
126;Juliana Gomes Martins;Feminino;1983-02-04 00:00:00;43;MG;Belo Horizonte;Financeiro;Coordenador Financeiro;Coordenação;2021-12-10 00:00:00;2023-11-14 00:00:00;Desligado;10770;CLT;Híbrido;3.4;2;39;Não;;23;0;0.4;9950;Reestruturação;2021;2023;1.93
127;Patricia Rodrigues Carvalho;Feminino;1988-11-02 00:00:00;37;ES;Vitória;Comercial;Coordenador Comercial;Coordenação;2022-04-30 00:00:00;;Ativo;9500;CLT;Híbrido;5;3;12;Não;;26;2;1.9;8760;;2022;;4.41
128;Eduardo Silva Oliveira;Masculino;1970-05-07 00:00:00;56;SP;São Paulo;Tecnologia;Suporte Técnico;Júnior;2022-06-19 00:00:00;;Ativo;3870;CLT;Híbrido;3.3;4;9;Não;;17;1;4.2;3350;;2022;;4.27
129;Patricia Pereira Araújo;Feminino;1995-10-21 00:00:00;30;ES;Vitória;Financeiro;Analista Contábil;Pleno;2025-11-01 00:00:00;;Ativo;7070;CLT;Presencial;3.9;5;42;Sim;;21;2;7.4;5920;;2025;;0.9
130;Ana Costa Rocha;Feminino;1992-09-17 00:00:00;34;ES;Vitória;Marketing;Analista de Marketing;Pleno;2022-03-04 00:00:00;;Ativo;6340;CLT;Remoto;2.5;1;25;Não;;8;1;7.2;6130;;2022;;4.56
131;Natália Martins Fernandes;Feminino;1973-08-28 00:00:00;53;PI;Teresina;Recursos Humanos;Analista de Recrutamento;Pleno;2019-10-07 00:00:00;;Ativo;4260;CLT;Híbrido;3.7;1;4;Não;;15;5;0;3610;;2019;;6.97
132;Carlos Gomes Almeida;Masculino;1990-04-14 00:00:00;36;DF;Brasília;Operações;Supervisor de Operações;Supervisão;2018-11-16 00:00:00;;Ativo;5800;CLT;Presencial;4.7;2;37;Não;;30;0;16.4;5510;;2018;;7.86
133;Yasmin Araújo Oliveira;Feminino;1999-01-12 00:00:00;27;PR;Curitiba;Marketing;Designer;Pleno;2026-04-18 00:00:00;;Ativo;4890;CLT;Híbrido;3.7;5;19;Sim;;29;1;3.7;4260;;2026;;0.44
134;Ana Araújo Silva;Feminino;1994-12-24 00:00:00;31;RS;Porto Alegre;Financeiro;Analista Financeiro;Pleno;2023-12-11 00:00:00;2025-04-13 00:00:00;Desligado;5730;CLT;Remoto;3.9;3;9;Sim;2026-03-29 00:00:00;28;4;2;5470;Nova oportunidade;2023;2025;1.34
135;Fernanda Souza Pereira;Feminino;1995-02-19 00:00:00;31;PI;Teresina;Tecnologia;Analista de Dados;Pleno;2025-06-06 00:00:00;2025-12-04 00:00:00;Desligado;6520;PJ;Remoto;2.6;3;24;Não;;7;5;12.2;6110;Fim de contrato;2025;2025;0.5
136;Gabriel Costa Martins;Masculino;1999-06-14 00:00:00;27;RJ;Rio de Janeiro;Operações;Analista de Operações;Pleno;2023-01-26 00:00:00;;Ativo;4660;CLT;Presencial;3.8;3;48;Não;;6;3;2.6;3880;;2023;;3.66
137;Caio Carvalho Santos;Masculino;1989-05-27 00:00:00;37;MG;Belo Horizonte;Tecnologia;Analista de Dados;Pleno;2023-01-27 00:00:00;;Ativo;7430;CLT;Presencial;3.7;1;18;Sim;;12;2;1.1;6810;;2023;;3.66
138;Thiago Oliveira Silva;Masculino;1974-04-21 00:00:00;52;PE;Recife;Recursos Humanos;Assistente de RH;Júnior;2021-09-20 00:00:00;;Ativo;3720;CLT;Remoto;4.3;4;29;Não;;12;2;4.1;3170;;2021;;5.01
139;Vanessa Martins Pereira;Feminino;1972-10-20 00:00:00;53;PI;Teresina;Comercial;Executivo de Vendas;Pleno;2023-08-06 00:00:00;;Ativo;6700;CLT;Presencial;3.9;5;19;Não;;25;4;6.7;5880;;2023;;3.14
140;Marcelo Rocha Fernandes;Masculino;2002-06-13 00:00:00;24;RS;Porto Alegre;Recursos Humanos;Assistente de RH;Júnior;2021-07-30 00:00:00;;Ativo;2540;PJ;Presencial;3.6;4;37;Não;;18;8;8;2120;;2021;;5.16
141;Vanessa Santos Almeida;Feminino;1994-06-27 00:00:00;32;PA;Belém;Recursos Humanos;Analista de RH;Pleno;2020-08-26 00:00:00;;Ativo;6300;CLT;Remoto;4.6;5;40;Sim;2022-09-15 00:00:00;26;3;22.4;5630;;2020;;6.08
142;Natália Santos Oliveira;Feminino;1973-04-20 00:00:00;53;PR;Curitiba;Tecnologia;Analista de BI;Pleno;2023-05-12 00:00:00;;Ativo;9210;CLT;Presencial;3.5;2;24;Sim;2025-03-09 00:00:00;18;2;4.3;7710;;2023;;3.37
143;Débora Oliveira Fernandes;Feminino;1995-10-04 00:00:00;30;SC;Florianópolis;Marketing;Designer;Pleno;2019-07-13 00:00:00;2024-08-04 00:00:00;Desligado;5880;Estágio;Híbrido;4.4;5;26;Sim;2023-10-31 00:00:00;26;7;10.7;5430;Desempenho;2019;2024;5.06
144;Ana Carvalho Santos;Feminino;1981-10-11 00:00:00;44;ES;Vitória;Comercial;Assistente Comercial;Júnior;2023-07-26 00:00:00;;Ativo;3620;CLT;Remoto;4.1;2;44;Não;;2;4;0;3360;;2023;;3.17
145;Ana Nascimento Rodrigues;Feminino;1985-12-03 00:00:00;40;SC;Florianópolis;Marketing;Assistente de Marketing;Júnior;2026-01-29 00:00:00;;Ativo;3080;CLT;Remoto;4.2;4;26;Não;;3;1;13.9;2790;;2026;;0.65
146;Rafael Costa Martins;Masculino;1974-01-10 00:00:00;52;SP;São Paulo;Operações;Supervisor de Operações;Supervisão;2019-03-05 00:00:00;;Ativo;5930;CLT;Híbrido;2.6;5;9;Não;;19;5;1.2;5250;;2019;;7.56
147;Isabela Costa Santos;Feminino;1976-06-07 00:00:00;50;PR;Curitiba;Logística;Supervisor de Logística;Supervisão;2025-05-29 00:00:00;;Ativo;5750;CLT;Híbrido;3.8;3;4;Não;;9;2;12.4;5130;;2025;;1.33
148;Patricia Costa Lima;Feminino;1975-08-28 00:00:00;51;RJ;Rio de Janeiro;Marketing;Coordenador de Marketing;Coordenação;2023-04-13 00:00:00;;Ativo;9810;CLT;Híbrido;2.8;2;27;Não;;11;3;9.9;8690;;2023;;3.45
149;Vanessa Santos Pereira;Feminino;1976-02-22 00:00:00;50;SC;Florianópolis;Logística;Analista de Logística;Pleno;2024-03-17 00:00:00;;Ativo;4650;CLT;Remoto;3;5;19;Não;;2;0;0;3840;;2024;;2.52
150;Juliana Souza Martins;Feminino;1981-03-07 00:00:00;45;ES;Vitória;Comercial;Analista Comercial;Pleno;2018-06-24 00:00:00;;Ativo;6960;CLT;Remoto;4.4;2;42;Não;;29;2;0;5800;;2018;;8.25
151;André Nascimento Martins;Masculino;1970-12-20 00:00:00;55;PI;Teresina;Logística;Auxiliar de Logística;Júnior;2022-08-25 00:00:00;;Ativo;2770;CLT;Remoto;3.8;1;22;Não;;28;3;4;2430;;2022;;4.08
152;Marcelo Santos Costa;Masculino;1987-07-05 00:00:00;39;PI;Teresina;Logística;Auxiliar de Logística;Júnior;2022-06-10 00:00:00;2024-06-17 00:00:00;Desligado;2890;CLT;Híbrido;4.2;3;27;Sim;;25;2;13.4;2580;Reestruturação;2022;2024;2.02
153;Rafael Pereira Lima;Masculino;1998-06-09 00:00:00;28;DF;Brasília;Logística;Auxiliar de Logística;Júnior;2020-02-09 00:00:00;;Ativo;3110;CLT;Híbrido;3;1;36;Não;;2;2;4.9;2610;;2020;;6.63
154;Bruno Costa Rodrigues;Masculino;1982-01-08 00:00:00;44;SP;São Paulo;Jurídico;Assistente Jurídico;Júnior;2022-01-16 00:00:00;;Ativo;3180;PJ;Híbrido;4.3;1;47;Sim;2025-02-16 00:00:00;15;1;5.6;3020;;2022;;4.69
155;Caio Fernandes Costa;Masculino;1986-12-27 00:00:00;39;DF;Brasília;Financeiro;Analista Contábil;Pleno;2018-04-23 00:00:00;;Ativo;4940;CLT;Remoto;4.2;2;21;Não;;16;0;20.1;4620;;2018;;8.42
156;Igor Costa Silva;Masculino;1984-05-20 00:00:00;42;ES;Vitória;Marketing;Designer;Pleno;2022-10-02 00:00:00;2024-11-14 00:00:00;Desligado;4880;CLT;Presencial;3.7;5;43;Não;;3;10;9.2;4710;Mudança de cidade;2022;2024;2.12
157;William Lima Souza;Masculino;2000-02-11 00:00:00;26;RS;Porto Alegre;Operações;Supervisor de Operações;Supervisão;2020-12-05 00:00:00;;Ativo;7880;CLT;Presencial;3.1;1;42;Não;;10;2;3.3;7240;;2020;;5.8
158;Thiago Gomes Carvalho;Masculino;1994-12-02 00:00:00;31;PI;Teresina;Comercial;Executivo de Vendas;Pleno;2026-02-23 00:00:00;;Ativo;7250;CLT;Híbrido;2.7;3;36;Não;;5;5;0;6140;;2026;;0.59
159;Igor Nascimento Costa;Masculino;1991-11-03 00:00:00;34;PR;Curitiba;Operações;Analista de Operações;Pleno;2026-05-07 00:00:00;2026-08-01 00:00:00;Desligado;5970;CLT;Presencial;3.3;4;7;Não;;18;6;0;5320;Desempenho;2026;2026;0.24
160;Felipe Lima Gomes;Masculino;1973-03-05 00:00:00;53;PR;Curitiba;Operações;Coordenador de Operações;Coordenação;2024-05-21 00:00:00;2025-10-31 00:00:00;Desligado;8000;PJ;Presencial;3.2;1;35;Não;;5;2;10.2;7100;Desempenho;2024;2025;1.45
161;Lucas Costa Rocha;Masculino;1975-03-20 00:00:00;51;BA;Salvador;Logística;Coordenador de Logística;Coordenação;2022-10-24 00:00:00;2025-02-15 00:00:00;Desligado;7010;CLT;Híbrido;4.9;5;16;Sim;2023-11-01 00:00:00;20;1;7.5;6670;Mudança de cidade;2022;2025;2.31
162;Felipe Lima Costa;Masculino;1974-01-10 00:00:00;52;RS;Porto Alegre;Jurídico;Advogado;Sênior;2023-11-02 00:00:00;;Ativo;9020;PJ;Remoto;3.1;3;35;Não;;6;5;21.1;8500;;2023;;2.9
163;Rafael Pereira Rodrigues;Masculino;1971-10-17 00:00:00;54;MG;Belo Horizonte;Financeiro;Analista Contábil;Pleno;2025-12-22 00:00:00;;Ativo;4600;PJ;Presencial;3.4;1;46;Sim;;26;2;18.6;4060;;2025;;0.76
164;Thiago Rocha Pereira;Masculino;1983-12-22 00:00:00;42;GO;Goiânia;Tecnologia;Desenvolvedor Sênior;Sênior;2022-09-20 00:00:00;;Ativo;12810;CLT;Híbrido;3.7;2;30;Não;;3;0;7.3;11050;;2022;;4.01
165;Natália Rodrigues Rodrigues;Feminino;1986-09-07 00:00:00;40;SC;Florianópolis;Logística;Supervisor de Logística;Supervisão;2019-10-19 00:00:00;;Ativo;6340;CLT;Remoto;3.6;1;11;Não;;21;3;0;5940;;2019;;6.93
166;Gabriel Nascimento Almeida;Masculino;1999-05-09 00:00:00;27;PE;Recife;Tecnologia;Desenvolvedor Júnior;Júnior;2019-12-17 00:00:00;2023-05-20 00:00:00;Desligado;5030;CLT;Híbrido;3.7;1;10;Não;;28;6;11.9;4630;Desempenho;2019;2023;3.42
167;João Nascimento Oliveira;Masculino;1993-06-06 00:00:00;33;RJ;Rio de Janeiro;Logística;Coordenador de Logística;Coordenação;2023-02-13 00:00:00;;Ativo;8160;PJ;Híbrido;2.9;1;12;Não;;1;0;21.4;6820;;2023;;3.61
168;Marcelo Martins Costa;Masculino;1994-06-20 00:00:00;32;SP;São Paulo;Recursos Humanos;Coordenador de RH;Coordenação;2023-06-23 00:00:00;;Ativo;8940;CLT;Presencial;3.5;3;4;Não;;21;0;6.2;8300;;2023;;3.26
169;Beatriz Souza Gomes;Feminino;1985-08-12 00:00:00;41;GO;Goiânia;Logística;Analista de Logística;Pleno;2024-04-05 00:00:00;2026-02-21 00:00:00;Desligado;3920;CLT;Presencial;4.3;2;8;Não;;10;0;9.1;3240;Desempenho;2024;2026;1.88
170;Felipe Carvalho Almeida;Masculino;1975-08-15 00:00:00;51;ES;Vitória;Jurídico;Assistente Jurídico;Júnior;2023-08-04 00:00:00;;Ativo;2970;CLT;Híbrido;5;1;29;Não;;17;0;4;2790;;2023;;3.14
171;Yasmin Rodrigues Martins;Feminino;1991-06-27 00:00:00;35;SP;São Paulo;Comercial;Coordenador Comercial;Coordenação;2021-09-21 00:00:00;;Ativo;9980;CLT;Híbrido;3.5;2;4;Não;;26;2;0;9000;;2021;;5.01
172;Gabriel Santos Costa;Masculino;2001-03-27 00:00:00;25;DF;Brasília;Logística;Auxiliar de Logística;Júnior;2020-11-07 00:00:00;;Ativo;2390;PJ;Híbrido;2.7;4;16;Não;;3;3;5.8;2190;;2020;;5.88
173;Helena Martins Martins;Feminino;2002-03-16 00:00:00;24;SP;São Paulo;Tecnologia;Analista de BI;Pleno;2022-11-08 00:00:00;;Ativo;7690;CLT;Remoto;4;2;10;Não;;19;5;3.2;7320;;2022;;3.88
174;Sabrina Nascimento Carvalho;Feminino;1991-05-15 00:00:00;35;ES;Vitória;Recursos Humanos;Analista de RH;Pleno;2022-08-18 00:00:00;;Ativo;6500;CLT;Híbrido;3.2;5;24;Não;;29;1;6.4;5530;;2022;;4.1
175;Caio Pereira Costa;Masculino;2002-09-23 00:00:00;24;GO;Goiânia;Operações;Assistente de Operações;Júnior;2026-07-14 00:00:00;;Ativo;2980;CLT;Híbrido;2.7;5;22;Não;;13;4;11;2450;;2026;;0.2
176;Daniela Rodrigues Nascimento;Feminino;1980-05-22 00:00:00;46;RS;Porto Alegre;Recursos Humanos;Assistente de RH;Júnior;2025-09-29 00:00:00;;Ativo;2770;CLT;Híbrido;2.9;4;10;Não;;21;2;0;2580;;2025;;0.99
177;Sabrina Lima Santos;Feminino;1994-07-14 00:00:00;32;ES;Vitória;Operações;Assistente de Operações;Júnior;2018-02-23 00:00:00;;Ativo;2640;PJ;Remoto;3.2;3;41;Não;;19;3;11.7;2240;;2018;;8.59
178;Eduardo Costa Costa;Masculino;2002-02-13 00:00:00;24;SP;São Paulo;Logística;Supervisor de Logística;Supervisão;2024-03-29 00:00:00;;Ativo;5570;PJ;Presencial;4.6;4;13;Sim;;19;7;13.1;5080;;2024;;2.49
179;Natália Fernandes Oliveira;Feminino;1990-09-08 00:00:00;36;MG;Belo Horizonte;Financeiro;Analista Financeiro;Pleno;2022-08-31 00:00:00;;Ativo;5510;CLT;Remoto;3.3;3;17;Não;;19;1;0;5200;;2022;;4.07
180;Ana Souza Fernandes;Feminino;1998-04-21 00:00:00;28;PI;Teresina;Comercial;Assistente Comercial;Júnior;2025-08-27 00:00:00;2026-05-09 00:00:00;Desligado;3870;PJ;Híbrido;3.2;5;22;Sim;;16;3;1.9;3640;Nova oportunidade;2025;2026;0.7
181;William Rodrigues Araújo;Masculino;2002-02-04 00:00:00;24;MG;Belo Horizonte;Tecnologia;Engenheiro de Dados;Sênior;2018-09-26 00:00:00;;Ativo;12780;CLT;Híbrido;3.8;4;45;Não;;2;1;7.9;11360;;2018;;8
182;Fernanda Oliveira Santos;Feminino;1981-05-18 00:00:00;45;RJ;Rio de Janeiro;Comercial;Executivo de Vendas;Pleno;2022-07-28 00:00:00;;Ativo;7020;CLT;Presencial;3.2;1;38;Sim;;19;6;12.5;5800;;2022;;4.16
183;Caio Souza Lima;Masculino;1989-10-03 00:00:00;36;RS;Porto Alegre;Jurídico;Analista Jurídico;Pleno;2022-06-07 00:00:00;;Ativo;4590;CLT;Presencial;3.6;5;22;Não;;4;0;3.7;4430;;2022;;4.3
184;Débora Silva Pereira;Feminino;1977-01-01 00:00:00;49;PI;Teresina;Logística;Auxiliar de Logística;Júnior;2021-06-02 00:00:00;;Ativo;2940;CLT;Presencial;4.9;5;13;Sim;2023-08-28 00:00:00;19;3;4;2490;;2021;;5.31
185;Daniela Martins Oliveira;Feminino;1988-11-03 00:00:00;37;RS;Porto Alegre;Financeiro;Analista Financeiro;Pleno;2026-02-20 00:00:00;;Ativo;6880;CLT;Híbrido;3.7;1;16;Não;;14;4;3.1;6360;;2026;;0.59
186;Débora Araújo Gomes;Feminino;1980-01-11 00:00:00;46;PR;Curitiba;Comercial;Coordenador Comercial;Coordenação;2021-02-07 00:00:00;;Ativo;8040;CLT;Remoto;4.4;4;32;Não;;9;2;8.3;7370;;2021;;5.63
187;Vanessa Pereira Rodrigues;Feminino;1986-12-21 00:00:00;39;RJ;Rio de Janeiro;Financeiro;Assistente Financeiro;Júnior;2023-09-09 00:00:00;;Ativo;3560;CLT;Híbrido;3.6;3;38;Não;;17;3;0;3110;;2023;;3.04
188;William Pereira Martins;Masculino;2002-09-03 00:00:00;24;BA;Salvador;Operações;Assistente de Operações;Júnior;2025-06-07 00:00:00;;Ativo;3560;Estágio;Híbrido;3.8;5;12;Não;;5;0;4.3;3380;;2025;;1.3
189;Marcelo Fernandes Santos;Masculino;1984-08-08 00:00:00;42;RJ;Rio de Janeiro;Marketing;Designer;Pleno;2020-08-16 00:00:00;;Ativo;4120;PJ;Híbrido;2.9;1;6;Não;;10;3;22.7;3770;;2020;;6.11
190;Thiago Costa Carvalho;Masculino;1994-06-19 00:00:00;32;GO;Goiânia;Financeiro;Analista Contábil;Pleno;2022-03-22 00:00:00;2023-08-20 00:00:00;Desligado;5890;CLT;Remoto;4.6;4;34;Não;;0;1;8;4980;Pedido de demissão;2022;2023;1.41
191;Vanessa Rodrigues Pereira;Feminino;1981-03-12 00:00:00;45;PI;Teresina;Financeiro;Analista Financeiro;Pleno;2022-08-26 00:00:00;;Ativo;6300;CLT;Híbrido;3.7;4;5;Não;;4;4;4.3;5760;;2022;;4.08
192;Juliana Santos Costa;Feminino;1986-03-17 00:00:00;40;BA;Salvador;Tecnologia;Engenheiro de Dados;Sênior;2026-03-01 00:00:00;;Ativo;10700;CLT;Híbrido;3.4;4;34;Sim;;26;2;10.1;9710;;2026;;0.57
193;Thiago Costa Araújo;Masculino;1999-10-19 00:00:00;26;RJ;Rio de Janeiro;Comercial;Coordenador Comercial;Coordenação;2022-04-28 00:00:00;;Ativo;7570;CLT;Remoto;3.1;5;10;Sim;;19;0;19.9;6780;;2022;;4.41
194;Marcelo Pereira Silva;Masculino;1997-09-14 00:00:00;29;SC;Florianópolis;Tecnologia;Engenheiro de Dados;Sênior;2023-12-11 00:00:00;;Ativo;14630;CLT;Híbrido;3.9;3;41;Não;;29;3;0;12210;;2023;;2.79
195;Marcelo Almeida Oliveira;Masculino;1988-10-18 00:00:00;37;BA;Salvador;Marketing;Analista de Marketing;Pleno;2018-01-23 00:00:00;;Ativo;6370;CLT;Presencial;4.5;3;30;Não;;4;3;0;5470;;2018;;8.67
196;Débora Nascimento Carvalho;Feminino;1983-07-18 00:00:00;43;ES;Vitória;Jurídico;Assistente Jurídico;Júnior;2022-02-25 00:00:00;;Ativo;3480;Estágio;Híbrido;4;4;12;Não;;21;4;11.4;3260;;2022;;4.58
197;Gabriel Rodrigues Carvalho;Masculino;1991-09-20 00:00:00;35;DF;Brasília;Tecnologia;Desenvolvedor Pleno;Pleno;2022-05-13 00:00:00;2022-07-22 00:00:00;Desligado;8910;PJ;Híbrido;3.4;3;18;Não;;19;2;14.7;8620;Fim de contrato;2022;2022;0.19
198;William Santos Costa;Masculino;2001-08-01 00:00:00;25;PR;Curitiba;Marketing;Analista de Marketing;Pleno;2018-05-18 00:00:00;;Ativo;5530;CLT;Híbrido;3.8;1;27;Sim;2019-05-18 00:00:00;5;4;10.9;4870;;2018;;8.36
199;Gabriela Rodrigues Silva;Feminino;1974-02-18 00:00:00;52;RS;Porto Alegre;Operações;Supervisor de Operações;Supervisão;2021-02-06 00:00:00;;Ativo;7910;CLT;Híbrido;4;5;10;Não;;16;3;3.3;7440;;2021;;5.63
200;Thiago Martins Carvalho;Masculino;2000-04-25 00:00:00;26;SC;Florianópolis;Jurídico;Advogado;Sênior;2023-03-03 00:00:00;2023-06-27 00:00:00;Desligado;9670;CLT;Híbrido;5;2;47;Não;;25;0;24;8680;Pedido de demissão;2023;2023;0.32
201;Thiago Almeida Lima;Masculino;1975-07-22 00:00:00;51;DF;Brasília;Operações;Assistente de Operações;Júnior;2024-03-21 00:00:00;2025-09-19 00:00:00;Desligado;2780;CLT;Híbrido;4;2;35;Não;;7;6;6.7;2370;Desempenho;2024;2025;1.5
202;Caio Pereira Souza;Masculino;1977-02-22 00:00:00;49;GO;Goiânia;Jurídico;Advogado;Sênior;2018-01-28 00:00:00;;Ativo;9940;CLT;Híbrido;2.3;5;24;Não;;28;6;0;8880;;2018;;8.66
203;Vanessa Carvalho Almeida;Feminino;1978-01-17 00:00:00;48;ES;Vitória;Logística;Coordenador de Logística;Coordenação;2024-01-24 00:00:00;;Ativo;8040;PJ;Híbrido;3.3;5;33;Não;;0;3;12.8;7290;;2024;;2.67
204;Thiago Costa Nascimento;Masculino;1985-05-16 00:00:00;41;PI;Teresina;Operações;Supervisor de Operações;Supervisão;2020-01-24 00:00:00;;Ativo;6030;CLT;Híbrido;3.6;4;21;Não;;18;4;14.7;5150;;2020;;6.67
205;Vanessa Almeida Gomes;Feminino;1994-04-05 00:00:00;32;ES;Vitória;Recursos Humanos;Coordenador de RH;Coordenação;2018-02-09 00:00:00;;Ativo;9250;Estágio;Híbrido;2.6;4;23;Não;;27;2;1.6;8540;;2018;;8.62
206;Thiago Rocha Souza;Masculino;1998-12-11 00:00:00;27;RS;Porto Alegre;Operações;Supervisor de Operações;Supervisão;2024-04-14 00:00:00;;Ativo;7530;CLT;Híbrido;3.3;3;47;Não;;6;0;3.3;6780;;2024;;2.45
207;William Fernandes Araújo;Masculino;2002-08-25 00:00:00;24;DF;Brasília;Jurídico;Assistente Jurídico;Júnior;2022-04-10 00:00:00;;Ativo;3450;Estágio;Remoto;2.7;4;44;Não;;12;0;9.6;2910;;2022;;4.46
208;André Lima Nascimento;Masculino;1995-05-15 00:00:00;31;ES;Vitória;Operações;Coordenador de Operações;Coordenação;2022-08-23 00:00:00;;Ativo;10490;CLT;Presencial;3.4;3;48;Não;;6;3;10.8;8700;;2022;;4.09
209;Daniela Silva Carvalho;Feminino;2003-02-04 00:00:00;23;RS;Porto Alegre;Recursos Humanos;Assistente de RH;Júnior;2025-05-06 00:00:00;2026-01-20 00:00:00;Desligado;2900;CLT;Presencial;3.4;2;5;Sim;;11;2;12;2590;Fim de contrato;2025;2026;0.71
210;João Pereira Costa;Masculino;1999-11-24 00:00:00;26;GO;Goiânia;Logística;Supervisor de Logística;Supervisão;2021-11-23 00:00:00;;Ativo;5720;CLT;Presencial;3.2;4;20;Sim;2022-12-14 00:00:00;0;0;6.3;4810;;2021;;4.84
211;Ana Rocha Rocha;Feminino;1989-01-25 00:00:00;37;BA;Salvador;Marketing;Analista de Marketing;Pleno;2018-01-30 00:00:00;;Ativo;4570;PJ;Híbrido;3.6;4;28;Sim;2019-07-11 00:00:00;13;6;2;4300;;2018;;8.65
212;Vanessa Lima Nascimento;Feminino;1996-04-28 00:00:00;30;RJ;Rio de Janeiro;Recursos Humanos;Analista de RH;Pleno;2021-04-01 00:00:00;;Ativo;5380;CLT;Híbrido;3;4;16;Não;;4;5;10.7;4560;;2021;;5.48
213;Vanessa Pereira Martins;Feminino;1970-04-03 00:00:00;56;MG;Belo Horizonte;Tecnologia;Analista de Dados;Pleno;2020-06-08 00:00:00;;Ativo;6590;PJ;Remoto;2.5;3;9;Não;;30;3;11.3;5790;;2020;;6.3
214;Mariana Rodrigues Nascimento;Feminino;1994-01-04 00:00:00;32;ES;Vitória;Comercial;Coordenador Comercial;Coordenação;2026-08-25 00:00:00;2026-08-31 00:00:00;Desligado;10450;CLT;Híbrido;4;1;37;Não;;6;0;9.8;9060;Mudança de cidade;2026;2026;0.02
215;Carlos Souza Nascimento;Masculino;2000-11-10 00:00:00;25;PR;Curitiba;Operações;Assistente de Operações;Júnior;2025-06-23 00:00:00;;Ativo;2540;CLT;Presencial;3.9;1;29;Não;;0;4;17.1;2350;;2025;;1.26
216;Juliana Fernandes Oliveira;Feminino;1985-03-16 00:00:00;41;RJ;Rio de Janeiro;Operações;Assistente de Operações;Júnior;2018-09-02 00:00:00;;Ativo;2580;CLT;Presencial;3.4;4;18;Não;;17;3;0;2430;;2018;;8.06
217;Nicolas Silva Carvalho;Masculino;1992-12-05 00:00:00;33;RS;Porto Alegre;Tecnologia;Analista de Dados;Pleno;2025-12-04 00:00:00;;Ativo;6530;CLT;Presencial;3.8;4;21;Não;;19;4;15.6;5420;;2025;;0.81
218;William Nascimento Fernandes;Masculino;1999-01-25 00:00:00;27;GO;Goiânia;Logística;Analista de Logística;Pleno;2018-03-18 00:00:00;;Ativo;4600;CLT;Presencial;3.2;1;46;Não;;26;1;13.5;4120;;2018;;8.52
219;William Araújo Gomes;Masculino;1990-02-04 00:00:00;36;CE;Fortaleza;Financeiro;Assistente Financeiro;Júnior;2019-06-16 00:00:00;;Ativo;2540;CLT;Presencial;4.5;4;46;Não;;19;3;6.4;2220;;2019;;7.28
220;Eduardo Silva Rodrigues;Masculino;2001-02-15 00:00:00;25;ES;Vitória;Tecnologia;Desenvolvedor Sênior;Sênior;2024-04-04 00:00:00;;Ativo;13950;PJ;Híbrido;3.1;1;43;Não;;1;2;0;11600;;2024;;2.48
221;Gabriel Souza Almeida;Masculino;1994-04-07 00:00:00;32;CE;Fortaleza;Comercial;Analista Comercial;Pleno;2024-04-06 00:00:00;;Ativo;5250;CLT;Híbrido;3.1;4;10;Sim;2026-04-10 00:00:00;17;4;2.8;4430;;2024;;2.47
222;João Fernandes Araújo;Masculino;1990-06-14 00:00:00;36;ES;Vitória;Logística;Supervisor de Logística;Supervisão;2024-10-28 00:00:00;;Ativo;6450;CLT;Híbrido;3.9;3;27;Não;;14;3;8;5320;;2024;;1.91
223;Bruno Pereira Lima;Masculino;1970-05-08 00:00:00;56;PR;Curitiba;Operações;Assistente de Operações;Júnior;2026-08-27 00:00:00;;Ativo;3230;CLT;Híbrido;2.2;2;10;Sim;;11;1;11.1;3080;;2026;;0.08
224;Thiago Lima Oliveira;Masculino;1995-10-07 00:00:00;30;DF;Brasília;Financeiro;Analista Contábil;Pleno;2023-05-31 00:00:00;;Ativo;6730;CLT;Híbrido;4;1;42;Não;;1;2;0;5600;;2023;;3.32
225;Beatriz Fernandes Gomes;Feminino;1996-02-28 00:00:00;30;ES;Vitória;Comercial;Assistente Comercial;Júnior;2025-02-09 00:00:00;;Ativo;3070;CLT;Presencial;3.2;5;48;Sim;;1;2;0;2960;;2025;;1.62
226;Fernanda Almeida Gomes;Feminino;1988-07-05 00:00:00;38;MG;Belo Horizonte;Operações;Assistente de Operações;Júnior;2023-05-04 00:00:00;;Ativo;2460;CLT;Presencial;1.6;5;31;Não;;4;3;0;2090;;2023;;3.39
227;Nicolas Almeida Almeida;Masculino;1974-05-25 00:00:00;52;BA;Salvador;Operações;Assistente de Operações;Júnior;2019-04-06 00:00:00;;Ativo;2910;CLT;Presencial;3.5;3;14;Não;;19;2;13.5;2660;;2019;;7.47
228;Rafael Rodrigues Fernandes;Masculino;1979-12-28 00:00:00;46;RJ;Rio de Janeiro;Financeiro;Assistente Financeiro;Júnior;2020-09-22 00:00:00;2022-07-18 00:00:00;Desligado;3630;PJ;Presencial;2.5;1;23;Não;;0;1;18;3090;Fim de contrato;2020;2022;1.82
229;Thiago Rocha Pereira;Masculino;1971-07-19 00:00:00;55;GO;Goiânia;Tecnologia;Desenvolvedor Sênior;Sênior;2019-11-29 00:00:00;;Ativo;10500;CLT;Presencial;2.1;1;28;Não;;21;4;14.2;9970;;2019;;6.82
230;Felipe Almeida Carvalho;Masculino;2002-12-04 00:00:00;23;SC;Florianópolis;Jurídico;Advogado;Sênior;2023-12-18 00:00:00;;Ativo;8390;Estágio;Híbrido;2.8;1;6;Não;;16;2;15.6;7820;;2023;;2.77
231;Caio Fernandes Lima;Masculino;1985-09-09 00:00:00;41;ES;Vitória;Tecnologia;Engenheiro de Dados;Sênior;2020-11-21 00:00:00;2021-05-20 00:00:00;Desligado;14660;PJ;Presencial;3.2;2;9;Não;;16;4;17.3;13400;Desempenho;2020;2021;0.49
232;Juliana Gomes Lima;Feminino;1991-08-18 00:00:00;35;MG;Belo Horizonte;Comercial;Analista Comercial;Pleno;2024-07-07 00:00:00;;Ativo;6400;PJ;Presencial;3.4;5;12;Não;;29;4;7.4;6140;;2024;;2.22
233;André Oliveira Souza;Masculino;1981-06-27 00:00:00;45;MG;Belo Horizonte;Tecnologia;Suporte Técnico;Júnior;2021-07-29 00:00:00;2024-01-22 00:00:00;Desligado;4430;CLT;Híbrido;4;3;13;Não;;3;0;9.1;4290;Fim de contrato;2021;2024;2.48
234;Rafael Almeida Almeida;Masculino;1971-06-03 00:00:00;55;DF;Brasília;Jurídico;Assistente Jurídico;Júnior;2023-08-20 00:00:00;;Ativo;3460;CLT;Presencial;3.7;4;35;Não;;5;3;9.7;3230;;2023;;3.1
235;Vanessa Gomes Almeida;Feminino;1982-04-03 00:00:00;44;MG;Belo Horizonte;Jurídico;Advogado;Sênior;2023-06-30 00:00:00;;Ativo;11400;PJ;Híbrido;3.7;4;24;Não;;30;0;7.6;10250;;2023;;3.24
236;Carlos Souza Martins;Masculino;1999-01-08 00:00:00;27;CE;Fortaleza;Logística;Auxiliar de Logística;Júnior;2024-04-03 00:00:00;;Ativo;2970;Estágio;Presencial;2.7;4;29;Não;;24;4;1.1;2620;;2024;;2.48
237;Daniela Pereira Martins;Feminino;1998-02-24 00:00:00;28;CE;Fortaleza;Financeiro;Analista Financeiro;Pleno;2024-07-25 00:00:00;2026-04-05 00:00:00;Desligado;4840;CLT;Híbrido;4;2;33;Sim;;22;5;1.4;4090;Reestruturação;2024;2026;1.69
238;Helena Martins Fernandes;Feminino;1975-09-23 00:00:00;51;BA;Salvador;Recursos Humanos;Coordenador de RH;Coordenação;2024-03-04 00:00:00;;Ativo;10190;PJ;Híbrido;2.8;2;14;Não;;5;3;5.7;8830;;2024;;2.56
239;João Lima Costa;Masculino;1977-03-07 00:00:00;49;SP;São Paulo;Marketing;Assistente de Marketing;Júnior;2023-02-22 00:00:00;;Ativo;3250;PJ;Híbrido;3.1;4;33;Não;;2;3;7.4;3100;;2023;;3.59
240;Patricia Santos Costa;Feminino;1979-01-21 00:00:00;47;SC;Florianópolis;Tecnologia;Desenvolvedor Pleno;Pleno;2018-05-13 00:00:00;;Ativo;9010;CLT;Remoto;3.6;1;10;Não;;5;3;12.9;8280;;2018;;8.37
241;Mariana Martins Fernandes;Feminino;1972-02-25 00:00:00;54;RS;Porto Alegre;Operações;Supervisor de Operações;Supervisão;2022-04-02 00:00:00;;Ativo;7400;PJ;Presencial;3.3;3;25;Não;;16;3;9.2;6130;;2022;;4.48
242;Fernanda Rocha Lima;Feminino;1997-10-28 00:00:00;28;SC;Florianópolis;Marketing;Designer;Pleno;2019-06-16 00:00:00;;Ativo;4990;CLT;Híbrido;4;2;43;Sim;2022-01-30 00:00:00;6;3;8;4560;;2019;;7.28
243;Patricia Gomes Gomes;Feminino;1972-06-12 00:00:00;54;CE;Fortaleza;Comercial;Assistente Comercial;Júnior;2025-03-08 00:00:00;;Ativo;2920;PJ;Presencial;3;1;11;Não;;10;2;0.8;2810;;2025;;1.55
244;Nicolas Araújo Araújo;Masculino;2000-08-26 00:00:00;26;SP;São Paulo;Recursos Humanos;Coordenador de RH;Coordenação;2019-09-29 00:00:00;;Ativo;10620;CLT;Presencial;4.1;4;7;Não;;9;0;3.8;9590;;2019;;6.99
245;Beatriz Fernandes Oliveira;Feminino;1979-05-27 00:00:00;47;SP;São Paulo;Operações;Coordenador de Operações;Coordenação;2025-01-10 00:00:00;;Ativo;8080;CLT;Presencial;4.4;3;24;Não;;8;5;1;6910;;2025;;1.71
246;Yasmin Rodrigues Lima;Feminino;1981-02-12 00:00:00;45;ES;Vitória;Tecnologia;Suporte Técnico;Júnior;2020-04-07 00:00:00;2025-05-28 00:00:00;Desligado;3660;PJ;Remoto;4;2;16;Não;;15;2;0;3430;Desempenho;2020;2025;5.14
247;Gabriel Pereira Rodrigues;Masculino;1972-08-13 00:00:00;54;DF;Brasília;Financeiro;Assistente Financeiro;Júnior;2021-06-27 00:00:00;2025-07-03 00:00:00;Desligado;3600;PJ;Presencial;3.8;3;5;Não;;9;2;4.9;3060;Mudança de cidade;2021;2025;4.02
248;André Martins Souza;Masculino;1987-03-06 00:00:00;39;RS;Porto Alegre;Financeiro;Assistente Financeiro;Júnior;2024-12-26 00:00:00;;Ativo;2630;CLT;Híbrido;3.3;3;13;Não;;25;2;13.1;2180;;2024;;1.75
249;Beatriz Martins Santos;Feminino;1978-01-16 00:00:00;48;GO;Goiânia;Tecnologia;Desenvolvedor Júnior;Júnior;2022-04-21 00:00:00;;Ativo;5180;CLT;Híbrido;2.6;4;43;Não;;10;0;12.5;4770;;2022;;4.43
250;Larissa Pereira Oliveira;Feminino;1999-02-15 00:00:00;27;RS;Porto Alegre;Jurídico;Analista Jurídico;Pleno;2020-08-07 00:00:00;2022-05-17 00:00:00;Desligado;7080;CLT;Remoto;2.7;4;15;Não;;21;1;20.2;6150;Nova oportunidade;2020;2022;1.77
251;Marcelo Souza Fernandes;Masculino;2000-08-28 00:00:00;26;MG;Belo Horizonte;Marketing;Designer;Pleno;2024-10-11 00:00:00;;Ativo;5020;CLT;Híbrido;4.2;1;23;Não;;12;4;3.6;4300;;2024;;1.95
252;Marcelo Carvalho Oliveira;Masculino;1991-04-27 00:00:00;35;DF;Brasília;Logística;Coordenador de Logística;Coordenação;2024-05-12 00:00:00;;Ativo;8630;CLT;Híbrido;3.3;1;40;Não;;3;1;3.7;7800;;2024;;2.37
253;Mariana Lima Carvalho;Feminino;1974-10-04 00:00:00;51;GO;Goiânia;Logística;Supervisor de Logística;Supervisão;2023-07-18 00:00:00;;Ativo;5340;CLT;Presencial;2.6;1;13;Não;;14;1;1.2;4840;;2023;;3.19
254;André Lima Lima;Masculino;1997-12-12 00:00:00;28;RJ;Rio de Janeiro;Tecnologia;Analista de BI;Pleno;2023-09-22 00:00:00;;Ativo;6450;CLT;Híbrido;3.5;5;7;Sim;;26;3;7.5;5560;;2023;;3.01
255;Isabela Carvalho Araújo;Feminino;1994-07-13 00:00:00;32;BA;Salvador;Comercial;Analista Comercial;Pleno;2023-04-30 00:00:00;;Ativo;5670;PJ;Híbrido;3.1;2;12;Sim;;0;3;17;5210;;2023;;3.41
256;Igor Oliveira Pereira;Masculino;1996-08-26 00:00:00;30;DF;Brasília;Logística;Analista de Logística;Pleno;2023-02-05 00:00:00;;Ativo;5010;CLT;Híbrido;4.7;2;31;Não;;18;0;8.1;4640;;2023;;3.64
257;Débora Santos Santos;Feminino;2000-12-12 00:00:00;25;RJ;Rio de Janeiro;Jurídico;Advogado;Sênior;2018-11-24 00:00:00;;Ativo;10790;Estágio;Remoto;3.7;1;37;Não;;2;0;8.3;9920;;2018;;7.84
258;Yasmin Santos Araújo;Feminino;1970-08-15 00:00:00;56;CE;Fortaleza;Jurídico;Advogado;Sênior;2026-03-25 00:00:00;;Ativo;9090;Estágio;Presencial;4.5;2;6;Não;;19;2;0;8220;;2026;;0.5
259;Marcelo Costa Santos;Masculino;1988-12-20 00:00:00;37;SP;São Paulo;Marketing;Coordenador de Marketing;Coordenação;2018-12-04 00:00:00;;Ativo;7770;PJ;Presencial;3.2;3;4;Não;;19;1;12.3;6550;;2018;;7.81
260;Mariana Nascimento Almeida;Feminino;2001-03-26 00:00:00;25;CE;Fortaleza;Tecnologia;Desenvolvedor Sênior;Sênior;2018-12-12 00:00:00;2025-10-15 00:00:00;Desligado;14170;CLT;Híbrido;4.4;4;28;Sim;2022-05-31 00:00:00;23;2;4.3;13180;Mudança de cidade;2018;2025;6.84
261;Thiago Souza Santos;Masculino;1980-08-13 00:00:00;46;PE;Recife;Marketing;Coordenador de Marketing;Coordenação;2026-05-15 00:00:00;2026-08-17 00:00:00;Desligado;8320;CLT;Híbrido;3.5;4;4;Não;;25;5;0;8020;Reestruturação;2026;2026;0.26
262;Gabriel Fernandes Gomes;Masculino;1987-06-09 00:00:00;39;RS;Porto Alegre;Financeiro;Analista Contábil;Pleno;2025-05-04 00:00:00;;Ativo;5740;CLT;Presencial;3.9;5;16;Não;;21;2;3.9;5180;;2025;;1.39
263;Eduardo Silva Gomes;Masculino;1976-09-04 00:00:00;50;GO;Goiânia;Jurídico;Analista Jurídico;Pleno;2020-06-17 00:00:00;;Ativo;5260;CLT;Híbrido;4.4;2;42;Não;;22;3;10.9;4790;;2020;;6.27
264;Mariana Souza Costa;Feminino;1986-05-15 00:00:00;40;GO;Goiânia;Financeiro;Coordenador Financeiro;Coordenação;2021-02-06 00:00:00;;Ativo;10420;CLT;Híbrido;3.5;3;14;Não;;8;3;1.2;9060;;2021;;5.63
265;Thiago Costa Martins;Masculino;1974-08-07 00:00:00;52;PI;Teresina;Logística;Analista de Logística;Pleno;2025-03-28 00:00:00;;Ativo;4120;CLT;Presencial;2.7;3;10;Sim;;2;0;3.2;3650;;2025;;1.49
266;Juliana Silva Santos;Feminino;1994-05-05 00:00:00;32;DF;Brasília;Operações;Coordenador de Operações;Coordenação;2024-06-11 00:00:00;;Ativo;9980;CLT;Híbrido;3.4;4;8;Não;;0;0;15.1;9350;;2024;;2.29
267;Caio Araújo Lima;Masculino;1995-01-21 00:00:00;31;GO;Goiânia;Financeiro;Analista Contábil;Pleno;2023-12-30 00:00:00;;Ativo;5420;PJ;Híbrido;3.5;5;6;Não;;21;4;11.9;5170;;2023;;2.74
268;Caio Rocha Oliveira;Masculino;1998-12-07 00:00:00;27;MG;Belo Horizonte;Tecnologia;Desenvolvedor Pleno;Pleno;2018-04-14 00:00:00;;Ativo;8280;CLT;Presencial;4.5;5;45;Não;;17;6;5.2;7990;;2018;;8.45
269;Beatriz Santos Araújo;Feminino;1972-07-04 00:00:00;54;PR;Curitiba;Jurídico;Advogado;Sênior;2024-01-07 00:00:00;;Ativo;10110;PJ;Presencial;4.2;4;43;Sim;;20;5;10.9;8370;;2024;;2.72
270;Gabriel Martins Costa;Masculino;1974-02-04 00:00:00;52;PE;Recife;Comercial;Assistente Comercial;Júnior;2020-04-10 00:00:00;;Ativo;3720;Estágio;Híbrido;3.9;3;11;Não;;18;1;6.2;3590;;2020;;6.46
271;Carlos Costa Araújo;Masculino;1974-02-09 00:00:00;52;MG;Belo Horizonte;Logística;Analista de Logística;Pleno;2025-10-23 00:00:00;;Ativo;4160;CLT;Híbrido;4.4;5;28;Não;;0;5;10.1;3420;;2025;;0.92
272;William Gomes Rocha;Masculino;1978-04-05 00:00:00;48;GO;Goiânia;Marketing;Coordenador de Marketing;Coordenação;2022-08-15 00:00:00;;Ativo;8110;CLT;Híbrido;3.4;4;43;Não;;20;3;2.7;7160;;2022;;4.11
273;Nicolas Souza Souza;Masculino;1993-09-17 00:00:00;33;PR;Curitiba;Jurídico;Advogado;Sênior;2025-05-24 00:00:00;;Ativo;7740;CLT;Presencial;4.4;4;15;Sim;;29;0;17.7;6680;;2025;;1.34
274;Beatriz Martins Santos;Feminino;1976-12-02 00:00:00;49;CE;Fortaleza;Recursos Humanos;Analista de RH;Pleno;2018-04-30 00:00:00;;Ativo;4500;PJ;Híbrido;3.9;5;41;Não;;6;2;0;3850;;2018;;8.41
275;Rafael Souza Almeida;Masculino;1996-04-13 00:00:00;30;PR;Curitiba;Financeiro;Coordenador Financeiro;Coordenação;2024-07-24 00:00:00;;Ativo;11120;CLT;Remoto;3;2;33;Não;;20;3;4.5;9680;;2024;;2.17
276;Daniela Nascimento Pereira;Feminino;1977-08-15 00:00:00;49;BA;Salvador;Recursos Humanos;Analista de Recrutamento;Pleno;2020-06-19 00:00:00;2022-05-22 00:00:00;Desligado;5970;CLT;Híbrido;4;2;40;Não;;27;3;15.2;5360;Desempenho;2020;2022;1.92
277;Larissa Nascimento Silva;Feminino;1997-12-28 00:00:00;28;PR;Curitiba;Comercial;Executivo de Vendas;Pleno;2022-11-14 00:00:00;;Ativo;8070;CLT;Presencial;3.5;1;6;Não;;23;2;8.2;7260;;2022;;3.86
278;Gabriel Martins Rocha;Masculino;1985-02-18 00:00:00;41;ES;Vitória;Tecnologia;Engenheiro de Dados;Sênior;2026-03-17 00:00:00;;Ativo;10310;CLT;Presencial;3.4;1;5;Não;;9;4;14.6;9340;;2026;;0.53
279;Larissa Martins Pereira;Feminino;1995-03-26 00:00:00;31;PA;Belém;Operações;Coordenador de Operações;Coordenação;2025-11-23 00:00:00;;Ativo;10510;CLT;Remoto;3.5;4;21;Não;;19;3;0;9860;;2025;;0.84
280;Beatriz Santos Fernandes;Feminino;1973-02-13 00:00:00;53;SC;Florianópolis;Jurídico;Advogado;Sênior;2018-06-17 00:00:00;;Ativo;8290;CLT;Presencial;3.3;2;12;Não;;7;0;5.5;7710;;2018;;8.27
281;Patricia Almeida Araújo;Feminino;1992-05-17 00:00:00;34;GO;Goiânia;Logística;Supervisor de Logística;Supervisão;2018-08-12 00:00:00;;Ativo;5990;CLT;Híbrido;4.3;5;22;Não;;11;5;13.2;5640;;2018;;8.12
282;Eduardo Rodrigues Martins;Masculino;1975-02-13 00:00:00;51;MG;Belo Horizonte;Marketing;Assistente de Marketing;Júnior;2019-03-24 00:00:00;;Ativo;2670;CLT;Presencial;2.1;2;37;Não;;0;1;25.8;2410;;2019;;7.51
283;Caio Gomes Martins;Masculino;1971-05-07 00:00:00;55;RJ;Rio de Janeiro;Tecnologia;Suporte Técnico;Júnior;2020-08-09 00:00:00;;Ativo;3680;CLT;Híbrido;3;4;41;Não;;16;0;12.1;3190;;2020;;6.13
284;Yasmin Costa Nascimento;Feminino;1984-08-12 00:00:00;42;RS;Porto Alegre;Tecnologia;Desenvolvedor Pleno;Pleno;2021-12-17 00:00:00;;Ativo;9370;CLT;Presencial;3;5;22;Sim;2023-12-11 00:00:00;26;1;0;8800;;2021;;4.77
285;Helena Santos Araújo;Feminino;1978-08-09 00:00:00;48;SC;Florianópolis;Recursos Humanos;Analista de RH;Pleno;2024-04-22 00:00:00;;Ativo;5930;Estágio;Presencial;1.9;5;23;Sim;2025-06-12 00:00:00;12;4;18.9;5710;;2024;;2.43
286;Juliana Silva Araújo;Feminino;1988-08-10 00:00:00;38;ES;Vitória;Recursos Humanos;Coordenador de RH;Coordenação;2021-10-19 00:00:00;;Ativo;10060;PJ;Presencial;3.1;5;11;Não;;12;1;4.7;8790;;2021;;4.93
287;Nicolas Almeida Nascimento;Masculino;1982-01-03 00:00:00;44;CE;Fortaleza;Jurídico;Advogado;Sênior;2025-07-13 00:00:00;2026-05-31 00:00:00;Desligado;9270;CLT;Híbrido;3.4;3;29;Sim;;27;2;1.8;7620;Mudança de cidade;2025;2026;0.88
288;João Oliveira Rodrigues;Masculino;1998-12-14 00:00:00;27;ES;Vitória;Jurídico;Analista Jurídico;Pleno;2019-11-02 00:00:00;;Ativo;7410;CLT;Remoto;3.9;2;41;Não;;4;3;15.7;7040;;2019;;6.9
289;Eduardo Carvalho Oliveira;Masculino;1970-07-21 00:00:00;56;RS;Porto Alegre;Logística;Analista de Logística;Pleno;2024-03-26 00:00:00;;Ativo;5050;PJ;Presencial;3.9;4;6;Não;;9;1;11;4560;;2024;;2.5
290;Bruno Silva Pereira;Masculino;1986-05-21 00:00:00;40;PA;Belém;Jurídico;Assistente Jurídico;Júnior;2025-05-02 00:00:00;;Ativo;3200;CLT;Remoto;3.1;2;5;Sim;;8;0;8.8;2910;;2025;;1.4
291;Marcelo Gomes Nascimento;Masculino;2000-12-27 00:00:00;25;RJ;Rio de Janeiro;Operações;Assistente de Operações;Júnior;2020-11-29 00:00:00;;Ativo;2470;CLT;Remoto;3.9;3;27;Não;;29;3;10.1;2130;;2020;;5.82
292;Eduardo Rodrigues Costa;Masculino;1976-10-25 00:00:00;49;MG;Belo Horizonte;Operações;Supervisor de Operações;Supervisão;2025-09-06 00:00:00;;Ativo;6180;CLT;Híbrido;3.5;5;41;Não;;4;5;8.7;5410;;2025;;1.05
293;Beatriz Costa Souza;Feminino;1983-03-17 00:00:00;43;PR;Curitiba;Comercial;Assistente Comercial;Júnior;2022-09-06 00:00:00;;Ativo;2610;PJ;Remoto;3;3;12;Não;;28;3;16.5;2520;;2022;;4.05
294;Yasmin Silva Souza;Feminino;1984-03-28 00:00:00;42;DF;Brasília;Recursos Humanos;Analista de RH;Pleno;2021-06-13 00:00:00;;Ativo;4540;CLT;Híbrido;3.5;1;8;Sim;2025-02-28 00:00:00;24;1;9.9;3750;;2021;;5.28
295;Daniela Rocha Souza;Feminino;1986-01-03 00:00:00;40;RS;Porto Alegre;Tecnologia;Suporte Técnico;Júnior;2019-01-31 00:00:00;;Ativo;4360;CLT;Remoto;3.8;1;13;Não;;30;4;6.4;3810;;2019;;7.65
296;Sabrina Oliveira Souza;Feminino;1970-09-07 00:00:00;56;DF;Brasília;Comercial;Executivo de Vendas;Pleno;2019-12-05 00:00:00;2026-02-11 00:00:00;Desligado;4520;CLT;Remoto;4.4;5;34;Não;;18;4;17.6;3780;Mudança de cidade;2019;2026;6.19
297;Isabela Rodrigues Almeida;Feminino;1996-02-25 00:00:00;30;SC;Florianópolis;Financeiro;Coordenador Financeiro;Coordenação;2019-03-28 00:00:00;;Ativo;9740;CLT;Presencial;3.6;4;11;Não;;14;2;3.1;9410;;2019;;7.5
298;Henrique Lima Gomes;Masculino;1982-02-27 00:00:00;44;ES;Vitória;Jurídico;Advogado;Sênior;2022-02-14 00:00:00;;Ativo;11990;CLT;Presencial;3.3;4;37;Não;;2;4;12.8;11080;;2022;;4.61
299;Lucas Oliveira Fernandes;Masculino;1982-06-07 00:00:00;44;PI;Teresina;Logística;Auxiliar de Logística;Júnior;2020-08-11 00:00:00;;Ativo;2930;CLT;Híbrido;3.1;4;26;Não;;19;2;27.7;2630;;2020;;6.12
300;Larissa Souza Souza;Feminino;1986-08-16 00:00:00;40;PR;Curitiba;Recursos Humanos;Assistente de RH;Júnior;2019-02-12 00:00:00;;Ativo;3580;CLT;Presencial;3;2;28;Não;;10;4;16;2990;;2019;;7.62
301;Natália Martins Rodrigues;Feminino;1988-11-16 00:00:00;37;PE;Recife;Marketing;Designer;Pleno;2024-01-24 00:00:00;;Ativo;6360;CLT;Híbrido;4.2;3;28;Não;;1;1;16.7;6040;;2024;;2.67
302;Lucas Rocha Gomes;Masculino;1978-05-23 00:00:00;48;BA;Salvador;Jurídico;Assistente Jurídico;Júnior;2024-05-19 00:00:00;;Ativo;3720;CLT;Híbrido;3.8;4;39;Não;;16;4;9.9;3380;;2024;;2.35
303;Caio Lima Araújo;Masculino;1973-01-19 00:00:00;53;SP;São Paulo;Recursos Humanos;Analista de Recrutamento;Pleno;2021-11-29 00:00:00;;Ativo;5460;CLT;Híbrido;3.1;3;30;Não;;21;4;8.2;4730;;2021;;4.82
304;Eduardo Lima Souza;Masculino;1991-03-01 00:00:00;35;CE;Fortaleza;Operações;Assistente de Operações;Júnior;2023-03-03 00:00:00;;Ativo;2910;CLT;Híbrido;4.1;1;48;Não;;0;4;7.4;2560;;2023;;3.56
305;Natália Souza Rodrigues;Feminino;1991-08-17 00:00:00;35;ES;Vitória;Operações;Analista de Operações;Pleno;2024-11-23 00:00:00;;Ativo;6420;CLT;Híbrido;3.9;5;17;Não;;1;2;5.3;6040;;2024;;1.84
306;Fernanda Souza Araújo;Feminino;1987-02-19 00:00:00;39;ES;Vitória;Jurídico;Analista Jurídico;Pleno;2020-05-09 00:00:00;;Ativo;4730;PJ;Híbrido;4.4;3;31;Não;;10;3;14.8;4320;;2020;;6.38
307;Mariana Silva Costa;Feminino;2001-04-22 00:00:00;25;PA;Belém;Jurídico;Analista Jurídico;Pleno;2025-02-25 00:00:00;;Ativo;6340;CLT;Híbrido;2.8;5;16;Não;;4;1;8.7;5930;;2025;;1.58
308;Henrique Araújo Oliveira;Masculino;1983-07-09 00:00:00;43;PA;Belém;Marketing;Analista de Marketing;Pleno;2020-11-16 00:00:00;;Ativo;4710;CLT;Presencial;4.7;1;19;Não;;9;0;10;4170;;2020;;5.86
309;Carlos Rodrigues Costa;Masculino;1987-03-01 00:00:00;39;RS;Porto Alegre;Marketing;Analista de Marketing;Pleno;2025-03-24 00:00:00;;Ativo;6890;CLT;Presencial;3.8;5;23;Não;;28;2;22.3;6340;;2025;;1.51
310;Gabriela Pereira Almeida;Feminino;1977-10-24 00:00:00;48;CE;Fortaleza;Financeiro;Analista Contábil;Pleno;2023-07-27 00:00:00;2025-01-24 00:00:00;Desligado;6120;CLT;Presencial;3.2;5;28;Não;;23;3;15.3;5150;Desempenho;2023;2025;1.5
311;Vanessa Martins Gomes;Feminino;1986-10-02 00:00:00;39;PE;Recife;Operações;Assistente de Operações;Júnior;2021-07-20 00:00:00;;Ativo;2970;CLT;Presencial;3.7;4;27;Não;;0;1;0;2450;;2021;;5.18
312;Daniela Almeida Nascimento;Feminino;1994-05-21 00:00:00;32;DF;Brasília;Operações;Assistente de Operações;Júnior;2023-12-31 00:00:00;2026-07-26 00:00:00;Desligado;2930;CLT;Remoto;2.5;3;23;Sim;;24;3;12.8;2790;Nova oportunidade;2023;2026;2.57
313;Henrique Santos Nascimento;Masculino;1975-08-16 00:00:00;51;DF;Brasília;Logística;Supervisor de Logística;Supervisão;2026-01-17 00:00:00;;Ativo;7310;CLT;Presencial;3.6;4;42;Não;;17;3;7.4;6020;;2026;;0.69
314;Mariana Martins Pereira;Feminino;1970-07-07 00:00:00;56;GO;Goiânia;Marketing;Designer;Pleno;2024-06-16 00:00:00;;Ativo;3970;CLT;Remoto;2.9;2;42;Não;;25;5;5.1;3780;;2024;;2.28
315;Mariana Araújo Lima;Feminino;1982-02-14 00:00:00;44;SC;Florianópolis;Recursos Humanos;Coordenador de RH;Coordenação;2022-03-26 00:00:00;2025-08-05 00:00:00;Desligado;8290;PJ;Remoto;3.1;1;33;Sim;;27;0;11.5;7330;Mudança de cidade;2022;2025;3.36
316;Débora Costa Souza;Feminino;1970-12-17 00:00:00;55;BA;Salvador;Jurídico;Advogado;Sênior;2023-07-18 00:00:00;;Ativo;10710;CLT;Remoto;4.2;3;22;Não;;12;5;18.1;9750;;2023;;3.19
317;William Rodrigues Gomes;Masculino;1981-07-26 00:00:00;45;MG;Belo Horizonte;Tecnologia;Desenvolvedor Sênior;Sênior;2020-12-08 00:00:00;;Ativo;11750;CLT;Híbrido;3.4;4;12;Não;;22;2;4.1;10310;;2020;;5.8
318;Thiago Oliveira Souza;Masculino;1973-01-11 00:00:00;53;PR;Curitiba;Jurídico;Analista Jurídico;Pleno;2024-10-19 00:00:00;2026-08-22 00:00:00;Desligado;6630;PJ;Presencial;3.9;5;43;Não;;12;2;4.7;6320;Pedido de demissão;2024;2026;1.84
319;Thiago Costa Rocha;Masculino;1991-08-05 00:00:00;35;RJ;Rio de Janeiro;Operações;Coordenador de Operações;Coordenação;2019-08-04 00:00:00;;Ativo;8600;Estágio;Híbrido;4.1;3;31;Não;;28;2;6.9;8250;;2019;;7.14
320;Isabela Costa Araújo;Feminino;2001-03-18 00:00:00;25;PA;Belém;Jurídico;Assistente Jurídico;Júnior;2020-02-13 00:00:00;;Ativo;3120;CLT;Presencial;4.8;4;31;Sim;2026-02-19 00:00:00;29;0;8.2;3020;;2020;;6.61
321;Larissa Rocha Souza;Feminino;1979-02-12 00:00:00;47;RJ;Rio de Janeiro;Comercial;Executivo de Vendas;Pleno;2020-01-10 00:00:00;;Ativo;7500;PJ;Híbrido;3.4;1;37;Não;;5;1;5.6;7010;;2020;;6.71
322;Beatriz Silva Lima;Feminino;1977-07-12 00:00:00;49;PI;Teresina;Financeiro;Analista Contábil;Pleno;2019-09-22 00:00:00;;Ativo;5740;CLT;Híbrido;3.7;3;42;Não;;10;5;6.1;5530;;2019;;7.01
323;Igor Rodrigues Santos;Masculino;1988-06-26 00:00:00;38;SP;São Paulo;Financeiro;Coordenador Financeiro;Coordenação;2019-01-15 00:00:00;;Ativo;8620;Estágio;Remoto;4.7;2;28;Não;;9;5;0;7270;;2019;;7.69
324;Isabela Lima Pereira;Feminino;1992-11-04 00:00:00;33;PA;Belém;Operações;Analista de Operações;Pleno;2023-06-29 00:00:00;;Ativo;4970;CLT;Híbrido;2.3;1;31;Não;;19;4;17.1;4140;;2023;;3.24
325;Larissa Almeida Pereira;Feminino;2001-09-21 00:00:00;25;GO;Goiânia;Financeiro;Analista Contábil;Pleno;2023-04-02 00:00:00;;Ativo;6950;CLT;Presencial;4.6;2;37;Não;;18;6;10.7;5750;;2023;;3.48
326;Isabela Gomes Souza;Feminino;1999-11-24 00:00:00;26;PI;Teresina;Marketing;Designer;Pleno;2020-11-09 00:00:00;;Ativo;5810;CLT;Híbrido;3.7;4;15;Não;;26;2;9.8;5530;;2020;;5.88
327;Larissa Martins Nascimento;Feminino;1991-03-07 00:00:00;35;MG;Belo Horizonte;Financeiro;Analista Contábil;Pleno;2025-07-21 00:00:00;;Ativo;5940;CLT;Presencial;3.9;4;46;Não;;19;5;7.1;5600;;2025;;1.18
328;Gabriela Lima Oliveira;Feminino;1978-03-01 00:00:00;48;PR;Curitiba;Financeiro;Assistente Financeiro;Júnior;2025-10-21 00:00:00;2026-07-27 00:00:00;Desligado;2530;CLT;Presencial;3.1;2;31;Não;;27;3;3.6;2190;Nova oportunidade;2025;2026;0.76
329;Isabela Silva Souza;Feminino;1980-03-24 00:00:00;46;DF;Brasília;Jurídico;Analista Jurídico;Pleno;2023-04-16 00:00:00;;Ativo;5850;CLT;Presencial;3.9;3;4;Sim;;22;1;1.4;5230;;2023;;3.44
330;William Santos Rocha;Masculino;1995-08-17 00:00:00;31;PI;Teresina;Jurídico;Assistente Jurídico;Júnior;2026-01-04 00:00:00;;Ativo;2830;CLT;Híbrido;3.9;3;45;Não;;15;5;14.6;2590;;2026;;0.72
331;Isabela Silva Costa;Feminino;1988-12-07 00:00:00;37;PE;Recife;Operações;Coordenador de Operações;Coordenação;2020-08-08 00:00:00;;Ativo;9560;CLT;Remoto;4.2;4;12;Não;;23;0;3.7;9030;;2020;;6.13
332;Débora Rocha Costa;Feminino;1983-05-23 00:00:00;43;DF;Brasília;Financeiro;Coordenador Financeiro;Coordenação;2019-06-13 00:00:00;;Ativo;8550;CLT;Híbrido;2;4;23;Sim;2023-07-27 00:00:00;1;4;8;7350;;2019;;7.29
333;Mariana Santos Oliveira;Feminino;1991-07-04 00:00:00;35;PI;Teresina;Comercial;Assistente Comercial;Júnior;2024-04-20 00:00:00;;Ativo;2890;CLT;Híbrido;4.9;3;13;Não;;27;4;0;2680;;2024;;2.43
334;João Martins Souza;Masculino;1976-10-20 00:00:00;49;ES;Vitória;Financeiro;Assistente Financeiro;Júnior;2023-09-09 00:00:00;;Ativo;3320;PJ;Remoto;3.5;2;22;Não;;24;0;7.6;2770;;2023;;3.04
335;Beatriz Pereira Souza;Feminino;1982-08-14 00:00:00;44;ES;Vitória;Tecnologia;Desenvolvedor Pleno;Pleno;2023-04-25 00:00:00;;Ativo;8020;CLT;Híbrido;3.6;2;13;Não;;16;1;3.6;7540;;2023;;3.42
336;Henrique Martins Fernandes;Masculino;1971-08-05 00:00:00;55;ES;Vitória;Tecnologia;Engenheiro de Dados;Sênior;2023-10-21 00:00:00;2024-03-15 00:00:00;Desligado;11030;CLT;Híbrido;3.8;4;7;Não;;1;1;0;10540;Pedido de demissão;2023;2024;0.4
337;William Gomes Carvalho;Masculino;1989-12-24 00:00:00;36;SC;Florianópolis;Operações;Assistente de Operações;Júnior;2021-02-19 00:00:00;2024-09-21 00:00:00;Desligado;3500;CLT;Híbrido;3.8;5;45;Não;;11;5;17.3;3080;Desempenho;2021;2024;3.59
338;Fernanda Santos Araújo;Feminino;1994-12-24 00:00:00;31;DF;Brasília;Recursos Humanos;Analista de Recrutamento;Pleno;2020-05-25 00:00:00;;Ativo;5380;CLT;Híbrido;2.9;2;5;Sim;2025-11-11 00:00:00;17;1;5.1;5040;;2020;;6.34
339;Helena Santos Fernandes;Feminino;1986-11-17 00:00:00;39;SC;Florianópolis;Financeiro;Assistente Financeiro;Júnior;2026-06-26 00:00:00;;Ativo;2660;CLT;Híbrido;1.8;5;40;Não;;30;4;2;2420;;2026;;0.25
340;William Pereira Carvalho;Masculino;2003-12-08 00:00:00;22;RJ;Rio de Janeiro;Operações;Analista de Operações;Pleno;2022-01-19 00:00:00;;Ativo;4370;CLT;Híbrido;3;1;7;Não;;4;0;9.1;3830;;2022;;4.68
341;Gabriela Nascimento Rocha;Feminino;1997-08-23 00:00:00;29;PE;Recife;Logística;Analista de Logística;Pleno;2019-08-15 00:00:00;;Ativo;4870;CLT;Remoto;2.8;2;33;Não;;23;2;12.9;4670;;2019;;7.11
342;Henrique Souza Souza;Masculino;1993-10-10 00:00:00;32;SP;São Paulo;Recursos Humanos;Assistente de RH;Júnior;2022-03-02 00:00:00;;Ativo;2990;CLT;Presencial;4.3;2;13;Não;;13;7;12.5;2850;;2022;;4.57
343;Natália Silva Souza;Feminino;1992-02-28 00:00:00;34;SP;São Paulo;Logística;Coordenador de Logística;Coordenação;2024-06-05 00:00:00;;Ativo;8360;CLT;Híbrido;4.2;2;12;Não;;14;0;8.8;7040;;2024;;2.31
344;Fernanda Gomes Carvalho;Feminino;1984-07-11 00:00:00;42;CE;Fortaleza;Tecnologia;Engenheiro de Dados;Sênior;2022-12-20 00:00:00;;Ativo;12880;PJ;Híbrido;2.6;5;44;Não;;22;1;17.4;11810;;2022;;3.76
345;Daniela Rodrigues Rocha;Feminino;2002-01-04 00:00:00;24;GO;Goiânia;Recursos Humanos;Assistente de RH;Júnior;2021-01-31 00:00:00;;Ativo;2820;CLT;Remoto;2.5;5;24;Não;;1;4;0;2460;;2021;;5.65
346;Bruno Araújo Carvalho;Masculino;1986-02-04 00:00:00;40;RJ;Rio de Janeiro;Recursos Humanos;Analista de Recrutamento;Pleno;2019-08-13 00:00:00;;Ativo;5920;CLT;Remoto;3.7;2;7;Não;;10;4;18.1;5120;;2019;;7.12
347;Juliana Gomes Araújo;Feminino;1986-07-27 00:00:00;40;RJ;Rio de Janeiro;Tecnologia;Desenvolvedor Pleno;Pleno;2020-09-08 00:00:00;;Ativo;8260;CLT;Híbrido;3.4;1;24;Não;;13;3;9.6;7560;;2020;;6.05
348;Bruno Nascimento Souza;Masculino;1985-09-21 00:00:00;41;ES;Vitória;Recursos Humanos;Analista de Recrutamento;Pleno;2024-05-16 00:00:00;;Ativo;4210;CLT;Presencial;3.7;2;27;Não;;5;3;0;3720;;2024;;2.36
349;João Santos Silva;Masculino;1999-10-10 00:00:00;26;GO;Goiânia;Recursos Humanos;Assistente de RH;Júnior;2018-09-04 00:00:00;2024-03-31 00:00:00;Desligado;2860;CLT;Híbrido;4.8;2;41;Não;;9;2;19;2590;Mudança de cidade;2018;2024;5.57
350;Helena Pereira Nascimento;Feminino;1997-04-20 00:00:00;29;CE;Fortaleza;Operações;Supervisor de Operações;Supervisão;2025-02-14 00:00:00;;Ativo;7380;CLT;Presencial;3.9;3;25;Sim;;30;2;7.3;6820;;2025;;1.61
351;Ana Rocha Silva;Feminino;1970-11-06 00:00:00;55;BA;Salvador;Jurídico;Analista Jurídico;Pleno;2024-01-14 00:00:00;;Ativo;7130;CLT;Híbrido;4.5;4;47;Sim;;12;0;11.1;6040;;2024;;2.7
352;Ana Souza Martins;Feminino;1993-04-15 00:00:00;33;SP;São Paulo;Comercial;Assistente Comercial;Júnior;2026-07-04 00:00:00;;Ativo;3880;CLT;Presencial;3.1;5;44;Não;;22;4;27.3;3740;;2026;;0.23
353;Natália Rodrigues Silva;Feminino;1982-11-13 00:00:00;43;RJ;Rio de Janeiro;Marketing;Coordenador de Marketing;Coordenação;2019-11-30 00:00:00;;Ativo;9810;CLT;Híbrido;3.4;2;8;Sim;2024-02-09 00:00:00;27;2;9.2;9200;;2019;;6.82
354;Bruno Nascimento Martins;Masculino;1970-07-21 00:00:00;56;GO;Goiânia;Tecnologia;Suporte Técnico;Júnior;2021-08-16 00:00:00;;Ativo;4490;CLT;Híbrido;4.4;4;35;Não;;24;6;11;3710;;2021;;5.11
355;João Araújo Silva;Masculino;1995-04-11 00:00:00;31;RJ;Rio de Janeiro;Tecnologia;Engenheiro de Dados;Sênior;2020-07-13 00:00:00;2025-06-12 00:00:00;Desligado;14750;PJ;Presencial;3.5;1;5;Não;;25;3;20.4;14160;Mudança de cidade;2020;2025;4.91
356;Marcelo Almeida Araújo;Masculino;1973-06-17 00:00:00;53;ES;Vitória;Comercial;Assistente Comercial;Júnior;2024-09-23 00:00:00;;Ativo;3650;CLT;Híbrido;3.8;1;7;Não;;12;1;20.5;3030;;2024;;2
357;João Santos Lima;Masculino;1997-02-04 00:00:00;29;GO;Goiânia;Tecnologia;Analista de BI;Pleno;2018-08-02 00:00:00;;Ativo;7340;CLT;Híbrido;3.7;5;4;Não;;14;5;12;6700;;2018;;8.15
358;Bruno Martins Araújo;Masculino;1982-02-04 00:00:00;44;SP;São Paulo;Financeiro;Analista Financeiro;Pleno;2024-06-05 00:00:00;;Ativo;5770;CLT;Híbrido;2.3;5;32;Sim;2026-03-13 00:00:00;25;4;9;5240;;2024;;2.31
359;Caio Lima Pereira;Masculino;1979-08-10 00:00:00;47;PI;Teresina;Operações;Supervisor de Operações;Supervisão;2022-02-19 00:00:00;2025-03-15 00:00:00;Desligado;6970;CLT;Presencial;2.4;1;31;Não;;6;2;5;5790;Desempenho;2022;2025;3.07
360;Larissa Araújo Araújo;Feminino;1989-07-11 00:00:00;37;MG;Belo Horizonte;Financeiro;Coordenador Financeiro;Coordenação;2018-06-22 00:00:00;;Ativo;11220;CLT;Híbrido;3.3;4;43;Sim;2022-03-02 00:00:00;23;3;0;10560;;2018;;8.26
361;Gabriela Costa Silva;Feminino;1993-01-03 00:00:00;33;SC;Florianópolis;Tecnologia;Analista de BI;Pleno;2019-04-17 00:00:00;;Ativo;7540;CLT;Remoto;2.5;2;16;Não;;7;7;16.4;6570;;2019;;7.44
362;Mariana Rodrigues Silva;Feminino;1981-05-04 00:00:00;45;SP;São Paulo;Recursos Humanos;Coordenador de RH;Coordenação;2025-05-06 00:00:00;;Ativo;7890;PJ;Presencial;2.9;2;27;Não;;21;4;15.5;7420;;2025;;1.39
363;Isabela Oliveira Souza;Feminino;1979-03-26 00:00:00;47;PR;Curitiba;Comercial;Coordenador Comercial;Coordenação;2025-10-15 00:00:00;;Ativo;9900;Estágio;Presencial;4.5;2;38;Não;;4;3;6.9;9300;;2025;;0.94
364;Natália Rodrigues Oliveira;Feminino;2000-11-20 00:00:00;25;RJ;Rio de Janeiro;Recursos Humanos;Coordenador de RH;Coordenação;2026-06-05 00:00:00;2026-08-28 00:00:00;Desligado;9280;CLT;Híbrido;3.8;3;27;Não;;15;2;0;7980;Nova oportunidade;2026;2026;0.23
365;Carlos Rodrigues Almeida;Masculino;1982-08-28 00:00:00;44;PR;Curitiba;Logística;Analista de Logística;Pleno;2021-06-07 00:00:00;;Ativo;4630;CLT;Híbrido;3.6;1;22;Não;;11;3;8.3;4150;;2021;;5.3
366;João Martins Gomes;Masculino;1996-06-26 00:00:00;30;PE;Recife;Operações;Supervisor de Operações;Supervisão;2022-04-16 00:00:00;;Ativo;6600;CLT;Presencial;3.8;1;22;Não;;16;2;7.2;5690;;2022;;4.44
367;Helena Oliveira Fernandes;Feminino;1972-09-07 00:00:00;54;SC;Florianópolis;Comercial;Executivo de Vendas;Pleno;2020-10-21 00:00:00;;Ativo;7760;CLT;Presencial;3;5;20;Sim;2023-06-26 00:00:00;9;0;13.4;6830;;2020;;5.93
368;Ana Rocha Pereira;Feminino;1995-04-08 00:00:00;31;DF;Brasília;Comercial;Coordenador Comercial;Coordenação;2020-08-15 00:00:00;;Ativo;10640;CLT;Híbrido;2.6;4;25;Não;;10;4;1.9;10230;;2020;;6.11
369;João Martins Silva;Masculino;1993-03-19 00:00:00;33;PA;Belém;Recursos Humanos;Analista de Recrutamento;Pleno;2026-04-11 00:00:00;;Ativo;6030;PJ;Presencial;2.7;4;48;Não;;10;4;0.3;4970;;2026;;0.46
370;Beatriz Carvalho Carvalho;Feminino;1983-07-03 00:00:00;43;CE;Fortaleza;Logística;Analista de Logística;Pleno;2023-04-29 00:00:00;;Ativo;5050;CLT;Remoto;3.2;1;14;Sim;;5;5;10.1;4510;;2023;;3.41
371;Eduardo Carvalho Lima;Masculino;1983-04-10 00:00:00;43;GO;Goiânia;Financeiro;Coordenador Financeiro;Coordenação;2018-08-24 00:00:00;;Ativo;8040;CLT;Remoto;2.1;2;38;Não;;23;6;23.8;7640;;2018;;8.09
372;Patricia Lima Gomes;Feminino;2000-03-20 00:00:00;26;PI;Teresina;Marketing;Analista de Marketing;Pleno;2023-08-21 00:00:00;;Ativo;5380;CLT;Remoto;4.3;4;8;Não;;19;3;0;5150;;2023;;3.1
373;Larissa Martins Santos;Feminino;1975-05-21 00:00:00;51;PE;Recife;Operações;Supervisor de Operações;Supervisão;2022-05-21 00:00:00;;Ativo;7520;CLT;Presencial;4.5;4;28;Não;;5;1;7;6950;;2022;;4.35
374;Lucas Nascimento Lima;Masculino;1974-12-24 00:00:00;51;DF;Brasília;Comercial;Coordenador Comercial;Coordenação;2022-08-12 00:00:00;2025-11-16 00:00:00;Desligado;7980;CLT;Híbrido;3.3;5;24;Não;;5;2;16.3;7100;Pedido de demissão;2022;2025;3.26
375;Larissa Carvalho Araújo;Feminino;1995-04-13 00:00:00;31;SP;São Paulo;Tecnologia;Desenvolvedor Sênior;Sênior;2019-04-15 00:00:00;;Ativo;10180;CLT;Híbrido;3.3;2;32;Sim;2024-11-19 00:00:00;8;3;10.3;8380;;2019;;7.45
376;William Souza Carvalho;Masculino;1980-02-22 00:00:00;46;ES;Vitória;Tecnologia;Engenheiro de Dados;Sênior;2021-01-24 00:00:00;;Ativo;11150;CLT;Presencial;3.3;5;17;Não;;1;4;0;10220;;2021;;5.67
377;Gabriel Carvalho Lima;Masculino;1998-01-20 00:00:00;28;SP;São Paulo;Tecnologia;Suporte Técnico;Júnior;2022-03-26 00:00:00;;Ativo;4380;CLT;Presencial;4.2;1;25;Não;;21;4;5.6;4170;;2022;;4.5
378;Lucas Costa Santos;Masculino;1996-09-04 00:00:00;30;PA;Belém;Operações;Supervisor de Operações;Supervisão;2024-04-21 00:00:00;;Ativo;7060;PJ;Híbrido;3.2;4;11;Sim;2025-11-23 00:00:00;11;2;9.1;6480;;2024;;2.43
379;Patricia Martins Almeida;Feminino;1974-11-27 00:00:00;51;RS;Porto Alegre;Operações;Assistente de Operações;Júnior;2018-10-03 00:00:00;2023-07-12 00:00:00;Desligado;2760;CLT;Remoto;4.2;5;14;Não;;3;4;0;2550;Reestruturação;2018;2023;4.77
380;Igor Araújo Costa;Masculino;1990-11-16 00:00:00;35;RJ;Rio de Janeiro;Operações;Assistente de Operações;Júnior;2024-10-28 00:00:00;2026-03-31 00:00:00;Desligado;2860;CLT;Presencial;2.5;5;4;Sim;;24;4;4.4;2660;Desempenho;2024;2026;1.42
381;Daniela Pereira Fernandes;Feminino;2001-05-07 00:00:00;25;MG;Belo Horizonte;Logística;Analista de Logística;Pleno;2025-03-14 00:00:00;;Ativo;5830;CLT;Remoto;3.6;3;24;Não;;24;1;20;5140;;2025;;1.53
382;Bruno Almeida Araújo;Masculino;1991-04-07 00:00:00;35;CE;Fortaleza;Tecnologia;Engenheiro de Dados;Sênior;2020-10-14 00:00:00;;Ativo;13180;CLT;Remoto;3.9;5;24;Sim;2025-04-25 00:00:00;0;5;11.2;12690;;2020;;5.95
383;Juliana Rodrigues Pereira;Feminino;1975-03-19 00:00:00;51;CE;Fortaleza;Comercial;Analista Comercial;Pleno;2023-09-10 00:00:00;;Ativo;6170;CLT;Híbrido;3.6;2;23;Não;;14;4;12.6;5860;;2023;;3.04
384;Débora Carvalho Carvalho;Feminino;1980-08-15 00:00:00;46;BA;Salvador;Logística;Analista de Logística;Pleno;2023-05-29 00:00:00;;Ativo;4640;PJ;Híbrido;3.5;3;42;Não;;17;2;2.7;4130;;2023;;3.33
385;Felipe Rocha Oliveira;Masculino;1991-03-23 00:00:00;35;PE;Recife;Comercial;Analista Comercial;Pleno;2020-02-16 00:00:00;;Ativo;6580;CLT;Híbrido;3;4;27;Não;;9;4;2.1;5800;;2020;;6.61
386;Helena Carvalho Costa;Feminino;1982-07-09 00:00:00;44;ES;Vitória;Operações;Coordenador de Operações;Coordenação;2025-02-13 00:00:00;;Ativo;9940;CLT;Remoto;2.9;2;19;Não;;29;4;0;9160;;2025;;1.61
387;Juliana Nascimento Martins;Feminino;1979-05-08 00:00:00;47;PI;Teresina;Recursos Humanos;Assistente de RH;Júnior;2019-04-24 00:00:00;;Ativo;3340;PJ;Híbrido;2.4;5;16;Não;;5;0;10.6;2890;;2019;;7.42
388;Felipe Lima Gomes;Masculino;1975-02-21 00:00:00;51;PI;Teresina;Operações;Analista de Operações;Pleno;2021-01-06 00:00:00;;Ativo;6330;CLT;Presencial;3.2;2;35;Sim;2022-05-29 00:00:00;24;2;0;5810;;2021;;5.72
389;Lucas Costa Fernandes;Masculino;1981-12-05 00:00:00;44;PR;Curitiba;Jurídico;Assistente Jurídico;Júnior;2023-08-21 00:00:00;2026-04-29 00:00:00;Desligado;3590;CLT;Presencial;3.6;2;20;Não;;27;0;0;3280;Reestruturação;2023;2026;2.69
390;William Oliveira Carvalho;Masculino;1977-05-03 00:00:00;49;SC;Florianópolis;Tecnologia;Analista de BI;Pleno;2020-08-19 00:00:00;;Ativo;8350;CLT;Presencial;4.1;1;46;Não;;1;4;12.9;6860;;2020;;6.1
391;Vanessa Rocha Rocha;Feminino;1991-10-14 00:00:00;34;SC;Florianópolis;Operações;Supervisor de Operações;Supervisão;2021-07-15 00:00:00;;Ativo;7850;CLT;Híbrido;4.2;3;10;Sim;;22;3;0;7530;;2021;;5.2
392;Helena Nascimento Almeida;Feminino;1993-08-20 00:00:00;33;GO;Goiânia;Jurídico;Advogado;Sênior;2022-08-20 00:00:00;;Ativo;7510;CLT;Remoto;4.3;3;5;Não;;27;6;11.6;6520;;2022;;4.1
393;Natália Carvalho Oliveira;Feminino;1992-07-16 00:00:00;34;GO;Goiânia;Financeiro;Coordenador Financeiro;Coordenação;2021-04-18 00:00:00;;Ativo;10490;PJ;Remoto;3.8;1;12;Não;;2;0;4.7;9470;;2021;;5.44
394;Lucas Martins Souza;Masculino;2000-11-18 00:00:00;25;PR;Curitiba;Comercial;Analista Comercial;Pleno;2019-11-30 00:00:00;;Ativo;5980;CLT;Híbrido;4.5;1;14;Não;;10;5;1.1;5100;;2019;;6.82
395;Marcelo Souza Pereira;Masculino;2001-02-26 00:00:00;25;DF;Brasília;Operações;Analista de Operações;Pleno;2024-06-17 00:00:00;;Ativo;5500;CLT;Híbrido;3.4;4;45;Não;;17;0;15.3;4700;;2024;;2.27
396;William Oliveira Souza;Masculino;1975-06-24 00:00:00;51;PI;Teresina;Comercial;Assistente Comercial;Júnior;2024-06-04 00:00:00;;Ativo;3780;Estágio;Híbrido;3.5;1;23;Sim;;6;6;0;3280;;2024;;2.31
397;Igor Almeida Souza;Masculino;1995-01-18 00:00:00;31;PA;Belém;Jurídico;Analista Jurídico;Pleno;2019-08-16 00:00:00;;Ativo;5390;CLT;Híbrido;3.9;1;42;Não;;16;4;11.6;5230;;2019;;7.11
398;Marcelo Rodrigues Rocha;Masculino;1988-12-13 00:00:00;37;SP;São Paulo;Operações;Analista de Operações;Pleno;2026-01-14 00:00:00;;Ativo;5830;PJ;Híbrido;3.6;1;15;Não;;23;0;20.7;5360;;2026;;0.7
399;Bruno Carvalho Araújo;Masculino;1997-11-16 00:00:00;28;SC;Florianópolis;Logística;Coordenador de Logística;Coordenação;2018-10-22 00:00:00;;Ativo;7850;CLT;Presencial;4;2;24;Não;;18;1;9.6;7540;;2018;;7.93
400;Lucas Pereira Martins;Masculino;2000-05-05 00:00:00;26;PR;Curitiba;Comercial;Analista Comercial;Pleno;2026-03-31 00:00:00;;Ativo;5090;PJ;Presencial;3.4;2;28;Não;;13;2;4.2;4220;;2026;;0.49
401;Marcelo Costa Santos;Masculino;1977-09-21 00:00:00;49;SC;Florianópolis;Logística;Analista de Logística;Pleno;2025-01-12 00:00:00;;Ativo;4340;CLT;Híbrido;3.3;2;45;Não;;24;5;3.5;3990;;2025;;1.7
402;Felipe Nascimento Martins;Masculino;1993-01-04 00:00:00;33;RJ;Rio de Janeiro;Financeiro;Assistente Financeiro;Júnior;2023-06-27 00:00:00;;Ativo;3680;CLT;Híbrido;2.5;5;34;Não;;23;5;13.3;3230;;2023;;3.25
403;Isabela Lima Pereira;Feminino;1976-06-03 00:00:00;50;DF;Brasília;Recursos Humanos;Coordenador de RH;Coordenação;2025-11-10 00:00:00;;Ativo;9450;CLT;Híbrido;2.8;5;38;Não;;25;3;1.2;8040;;2025;;0.87
404;Helena Costa Costa;Feminino;1970-09-15 00:00:00;56;ES;Vitória;Operações;Assistente de Operações;Júnior;2018-06-10 00:00:00;;Ativo;2650;CLT;Híbrido;2.7;1;9;Não;;16;1;25.4;2240;;2018;;8.29
405;Ana Almeida Lima;Feminino;1972-09-26 00:00:00;53;RS;Porto Alegre;Jurídico;Assistente Jurídico;Júnior;2024-06-21 00:00:00;;Ativo;3240;PJ;Remoto;3;1;46;Não;;7;1;11.8;3070;;2024;;2.26
406;Igor Rodrigues Fernandes;Masculino;1987-03-24 00:00:00;39;PI;Teresina;Logística;Auxiliar de Logística;Júnior;2024-03-02 00:00:00;;Ativo;2580;PJ;Híbrido;3.7;1;20;Não;;30;2;0;2140;;2024;;2.57
407;Nicolas Fernandes Costa;Masculino;1996-03-11 00:00:00;30;ES;Vitória;Logística;Coordenador de Logística;Coordenação;2018-04-17 00:00:00;2021-03-25 00:00:00;Desligado;7230;CLT;Presencial;3.4;1;27;Não;;24;2;5.9;6170;Pedido de demissão;2018;2021;2.94
408;Rafael Carvalho Souza;Masculino;1977-03-17 00:00:00;49;DF;Brasília;Marketing;Coordenador de Marketing;Coordenação;2019-01-27 00:00:00;;Ativo;9950;PJ;Híbrido;4.9;5;10;Não;;5;1;18.6;8430;;2019;;7.66
409;Gabriela Rocha Pereira;Feminino;1986-01-22 00:00:00;40;CE;Fortaleza;Recursos Humanos;Analista de RH;Pleno;2019-08-08 00:00:00;;Ativo;6110;CLT;Híbrido;4.6;2;47;Não;;22;2;0.7;5330;;2019;;7.13
410;William Nascimento Gomes;Masculino;2003-12-27 00:00:00;22;PR;Curitiba;Marketing;Assistente de Marketing;Júnior;2021-06-05 00:00:00;;Ativo;2970;CLT;Presencial;3.8;2;9;Sim;2022-09-30 00:00:00;2;2;0;2650;;2021;;5.31
411;Isabela Pereira Rocha;Feminino;2001-09-22 00:00:00;25;GO;Goiânia;Financeiro;Coordenador Financeiro;Coordenação;2018-02-26 00:00:00;;Ativo;11190;CLT;Híbrido;3.3;2;46;Não;;26;0;24.9;10320;;2018;;8.58
412;João Costa Almeida;Masculino;1981-02-12 00:00:00;45;PA;Belém;Recursos Humanos;Analista de Recrutamento;Pleno;2018-07-28 00:00:00;;Ativo;4950;CLT;Presencial;3.6;2;38;Não;;27;4;12;4280;;2018;;8.16
413;Gabriela Rodrigues Lima;Feminino;2002-01-15 00:00:00;24;PI;Teresina;Jurídico;Assistente Jurídico;Júnior;2021-12-28 00:00:00;;Ativo;3440;CLT;Presencial;3;4;26;Sim;2025-05-28 00:00:00;15;5;10.8;3280;;2021;;4.74
414;Natália Silva Pereira;Feminino;1986-04-16 00:00:00;40;BA;Salvador;Operações;Supervisor de Operações;Supervisão;2022-02-01 00:00:00;;Ativo;5960;PJ;Presencial;4.4;4;46;Não;;5;5;16.9;4890;;2022;;4.65
415;Nicolas Souza Rodrigues;Masculino;1988-01-05 00:00:00;38;BA;Salvador;Logística;Supervisor de Logística;Supervisão;2018-05-10 00:00:00;;Ativo;5660;CLT;Híbrido;3.5;5;35;Não;;22;5;16.1;5300;;2018;;8.38
416;Felipe Pereira Souza;Masculino;1976-01-05 00:00:00;50;MG;Belo Horizonte;Operações;Assistente de Operações;Júnior;2026-08-10 00:00:00;;Ativo;2460;PJ;Híbrido;4.4;5;4;Não;;9;2;10.8;2180;;2026;;0.13
417;Mariana Almeida Nascimento;Feminino;1977-05-23 00:00:00;49;PR;Curitiba;Logística;Analista de Logística;Pleno;2023-04-26 00:00:00;;Ativo;5580;CLT;Híbrido;4.5;5;44;Não;;7;8;13.2;4800;;2023;;3.42
418;Juliana Gomes Silva;Feminino;1982-02-28 00:00:00;44;SP;São Paulo;Logística;Coordenador de Logística;Coordenação;2023-11-21 00:00:00;;Ativo;8900;CLT;Presencial;4.1;4;7;Não;;20;3;9.1;7780;;2023;;2.84
419;Henrique Almeida Araújo;Masculino;1973-03-02 00:00:00;53;SP;São Paulo;Tecnologia;Engenheiro de Dados;Sênior;2026-05-09 00:00:00;;Ativo;10710;CLT;Híbrido;3.2;4;27;Não;;3;3;9;9670;;2026;;0.38
420;Beatriz Fernandes Fernandes;Feminino;2003-10-12 00:00:00;22;PR;Curitiba;Marketing;Analista de Marketing;Pleno;2024-07-21 00:00:00;;Ativo;6660;CLT;Híbrido;3.7;1;6;Não;;29;5;0;5650;;2024;;2.18
421;Gabriel Oliveira Araújo;Masculino;1989-12-16 00:00:00;36;ES;Vitória;Comercial;Analista Comercial;Pleno;2018-06-29 00:00:00;;Ativo;5250;CLT;Remoto;3.7;5;26;Não;;14;0;5.6;4650;;2018;;8.24
422;Bruno Costa Nascimento;Masculino;1978-05-02 00:00:00;48;PI;Teresina;Tecnologia;Suporte Técnico;Júnior;2025-10-12 00:00:00;;Ativo;4180;CLT;Híbrido;3.4;5;8;Sim;;24;0;7.5;3670;;2025;;0.95
423;Patricia Costa Silva;Feminino;1980-10-07 00:00:00;45;PI;Teresina;Tecnologia;Suporte Técnico;Júnior;2023-10-02 00:00:00;;Ativo;4000;CLT;Presencial;3.8;5;11;Sim;2025-01-02 00:00:00;17;6;8.1;3370;;2023;;2.98
424;Igor Nascimento Santos;Masculino;1985-04-18 00:00:00;41;RJ;Rio de Janeiro;Tecnologia;Engenheiro de Dados;Sênior;2021-11-24 00:00:00;;Ativo;14830;CLT;Remoto;3.8;5;20;Não;;13;4;4.5;14350;;2021;;4.84
425;Ana Fernandes Almeida;Feminino;1987-03-09 00:00:00;39;SP;São Paulo;Financeiro;Coordenador Financeiro;Coordenação;2025-05-02 00:00:00;;Ativo;10190;CLT;Presencial;3.1;2;41;Não;;27;3;8.1;8710;;2025;;1.4
426;Débora Pereira Rocha;Feminino;1975-08-06 00:00:00;51;PE;Recife;Recursos Humanos;Analista de RH;Pleno;2020-02-13 00:00:00;;Ativo;6650;CLT;Presencial;3.2;3;14;Não;;26;0;13.9;5520;;2020;;6.61
427;Sabrina Martins Carvalho;Feminino;1976-12-17 00:00:00;49;MG;Belo Horizonte;Tecnologia;Analista de BI;Pleno;2019-02-13 00:00:00;;Ativo;6070;PJ;Híbrido;3.5;2;9;Não;;30;2;7.2;5860;;2019;;7.61
428;Gabriel Araújo Oliveira;Masculino;1982-03-16 00:00:00;44;ES;Vitória;Jurídico;Assistente Jurídico;Júnior;2021-06-13 00:00:00;;Ativo;3020;CLT;Híbrido;3.5;5;11;Sim;2022-09-12 00:00:00;3;2;7.1;2880;;2021;;5.28
429;Ana Almeida Silva;Feminino;1984-07-13 00:00:00;42;MG;Belo Horizonte;Operações;Supervisor de Operações;Supervisão;2020-07-14 00:00:00;2025-01-04 00:00:00;Desligado;7220;CLT;Remoto;1.6;2;10;Não;;9;3;2;6050;Pedido de demissão;2020;2025;4.48
430;Juliana Costa Gomes;Feminino;2003-06-20 00:00:00;23;MG;Belo Horizonte;Logística;Analista de Logística;Pleno;2025-06-26 00:00:00;;Ativo;5170;CLT;Remoto;4.3;3;35;Não;;29;2;23.2;4860;;2025;;1.25
431;Juliana Pereira Araújo;Feminino;1979-07-15 00:00:00;47;DF;Brasília;Jurídico;Assistente Jurídico;Júnior;2019-04-09 00:00:00;;Ativo;4140;CLT;Presencial;4;4;26;Não;;13;2;0;3770;;2019;;7.46
432;Igor Almeida Carvalho;Masculino;1996-09-16 00:00:00;30;CE;Fortaleza;Jurídico;Advogado;Sênior;2024-01-06 00:00:00;;Ativo;9230;CLT;Híbrido;3.8;5;48;Não;;7;2;3.1;7570;;2024;;2.72
433;Bruno Fernandes Rocha;Masculino;1978-02-02 00:00:00;48;SC;Florianópolis;Operações;Analista de Operações;Pleno;2021-04-22 00:00:00;;Ativo;6090;CLT;Remoto;3.2;2;7;Não;;3;3;18.6;5340;;2021;;5.43
434;Isabela Fernandes Santos;Feminino;1976-11-19 00:00:00;49;RJ;Rio de Janeiro;Jurídico;Advogado;Sênior;2019-10-10 00:00:00;;Ativo;9140;CLT;Presencial;3.4;5;30;Sim;2021-10-17 00:00:00;15;2;0;8450;;2019;;6.96
435;Henrique Araújo Martins;Masculino;1970-05-04 00:00:00;56;MG;Belo Horizonte;Tecnologia;Engenheiro de Dados;Sênior;2018-05-12 00:00:00;;Ativo;10040;CLT;Híbrido;2.2;4;39;Não;;8;5;15.2;9300;;2018;;8.37
436;Lucas Nascimento Oliveira;Masculino;2003-07-05 00:00:00;23;DF;Brasília;Comercial;Coordenador Comercial;Coordenação;2024-12-10 00:00:00;;Ativo;9070;PJ;Remoto;3.2;5;8;Não;;14;0;9.4;7990;;2024;;1.79
437;Daniela Fernandes Gomes;Feminino;1982-05-04 00:00:00;44;RJ;Rio de Janeiro;Financeiro;Analista Contábil;Pleno;2024-10-06 00:00:00;;Ativo;5410;CLT;Presencial;4;1;23;Sim;;20;3;12.7;4510;;2024;;1.97
438;Carlos Rocha Santos;Masculino;1973-06-03 00:00:00;53;RS;Porto Alegre;Tecnologia;Desenvolvedor Sênior;Sênior;2026-06-06 00:00:00;;Ativo;11490;CLT;Híbrido;3.4;3;12;Não;;3;0;21;10290;;2026;;0.3
439;Juliana Silva Carvalho;Feminino;2000-10-28 00:00:00;25;PA;Belém;Tecnologia;Desenvolvedor Sênior;Sênior;2019-10-23 00:00:00;;Ativo;11820;PJ;Presencial;3.3;2;14;Não;;16;0;0;10850;;2019;;6.92
440;Beatriz Martins Pereira;Feminino;1991-05-12 00:00:00;35;PI;Teresina;Logística;Auxiliar de Logística;Júnior;2025-12-29 00:00:00;;Ativo;2590;CLT;Híbrido;3.5;1;13;Não;;15;3;8.7;2420;;2025;;0.74
441;Fernanda Rocha Souza;Feminino;1999-06-06 00:00:00;27;RS;Porto Alegre;Recursos Humanos;Assistente de RH;Júnior;2021-02-21 00:00:00;;Ativo;2960;CLT;Híbrido;1.8;3;32;Não;;4;4;25.4;2640;;2021;;5.59
442;William Carvalho Gomes;Masculino;1978-08-12 00:00:00;48;CE;Fortaleza;Operações;Supervisor de Operações;Supervisão;2018-12-08 00:00:00;;Ativo;6760;CLT;Remoto;3;1;43;Não;;1;2;2.8;6380;;2018;;7.8
443;Gabriel Lima Carvalho;Masculino;1980-10-13 00:00:00;45;PA;Belém;Financeiro;Analista Financeiro;Pleno;2022-05-10 00:00:00;2026-04-09 00:00:00;Desligado;4730;CLT;Híbrido;4.2;1;15;Não;;29;1;14.8;4190;Nova oportunidade;2022;2026;3.92
444;André Araújo Rocha;Masculino;1983-12-24 00:00:00;42;PE;Recife;Financeiro;Analista Contábil;Pleno;2023-02-05 00:00:00;;Ativo;4920;CLT;Híbrido;3.4;3;40;Sim;;24;0;19.2;4300;;2023;;3.64
445;Marcelo Rodrigues Santos;Masculino;1983-01-25 00:00:00;43;GO;Goiânia;Logística;Supervisor de Logística;Supervisão;2020-10-29 00:00:00;;Ativo;5390;CLT;Híbrido;3.3;4;37;Sim;;8;6;8.9;5140;;2020;;5.91
446;Yasmin Costa Rodrigues;Feminino;1992-07-16 00:00:00;34;PE;Recife;Recursos Humanos;Coordenador de RH;Coordenação;2021-12-23 00:00:00;2025-05-04 00:00:00;Desligado;8860;CLT;Híbrido;3.8;5;16;Sim;;18;1;3.9;8580;Reestruturação;2021;2025;3.36
447;André Silva Pereira;Masculino;1999-03-16 00:00:00;27;PA;Belém;Operações;Assistente de Operações;Júnior;2025-07-23 00:00:00;;Ativo;3020;CLT;Híbrido;3.8;4;44;Não;;3;2;19.3;2560;;2025;;1.17
448;Lucas Carvalho Rodrigues;Masculino;1992-04-07 00:00:00;34;GO;Goiânia;Tecnologia;Desenvolvedor Sênior;Sênior;2022-01-30 00:00:00;;Ativo;13980;CLT;Remoto;3.8;4;45;Não;;13;1;11.5;12600;;2022;;4.65
449;Beatriz Souza Costa;Feminino;1999-07-12 00:00:00;27;MG;Belo Horizonte;Recursos Humanos;Coordenador de RH;Coordenação;2022-04-12 00:00:00;;Ativo;9810;CLT;Híbrido;3.1;1;9;Não;;3;0;9.1;9420;;2022;;4.45
450;Gabriel Martins Santos;Masculino;1988-07-07 00:00:00;38;PR;Curitiba;Jurídico;Advogado;Sênior;2022-04-10 00:00:00;;Ativo;11350;Estágio;Híbrido;3.7;4;30;Não;;20;2;0;9320;;2022;;4.46
451;Rafael Lima Nascimento;Masculino;1986-05-27 00:00:00;40;ES;Vitória;Logística;Analista de Logística;Pleno;2018-01-18 00:00:00;2022-11-11 00:00:00;Desligado;3870;CLT;Híbrido;4;5;24;Não;;30;0;1.3;3500;Nova oportunidade;2018;2022;4.81
452;Gabriela Santos Gomes;Feminino;1978-11-13 00:00:00;47;DF;Brasília;Recursos Humanos;Coordenador de RH;Coordenação;2021-07-27 00:00:00;;Ativo;9030;CLT;Híbrido;3.3;5;11;Não;;25;0;15.4;8650;;2021;;5.16
453;Lucas Araújo Rodrigues;Masculino;1975-02-01 00:00:00;51;BA;Salvador;Tecnologia;Engenheiro de Dados;Sênior;2026-08-21 00:00:00;;Ativo;9170;CLT;Remoto;4.2;2;33;Não;;24;3;4.7;8750;;2026;;0.1
454;Sabrina Carvalho Nascimento;Feminino;1973-05-03 00:00:00;53;MG;Belo Horizonte;Tecnologia;Engenheiro de Dados;Sênior;2024-07-01 00:00:00;2024-12-21 00:00:00;Desligado;11750;CLT;Presencial;4;3;20;Não;;2;6;14.3;11240;Desempenho;2024;2024;0.47
455;Natália Silva Gomes;Feminino;1974-08-21 00:00:00;52;RJ;Rio de Janeiro;Comercial;Coordenador Comercial;Coordenação;2022-03-18 00:00:00;2025-12-04 00:00:00;Desligado;11130;PJ;Presencial;4;5;44;Não;;1;3;12.8;9710;Fim de contrato;2022;2025;3.72
456;Ana Costa Nascimento;Feminino;1977-04-20 00:00:00;49;SP;São Paulo;Tecnologia;Analista de BI;Pleno;2023-09-28 00:00:00;;Ativo;6760;CLT;Remoto;4;1;24;Sim;2025-03-16 00:00:00;23;2;4.6;5820;;2023;;2.99
457;Fernanda Fernandes Lima;Feminino;1999-12-26 00:00:00;26;PE;Recife;Logística;Coordenador de Logística;Coordenação;2020-03-01 00:00:00;;Ativo;7590;PJ;Híbrido;3.9;5;23;Sim;2022-04-26 00:00:00;30;2;6.7;6730;;2020;;6.57
458;Vanessa Araújo Souza;Feminino;1994-07-07 00:00:00;32;PI;Teresina;Operações;Supervisor de Operações;Supervisão;2025-02-04 00:00:00;;Ativo;6620;PJ;Remoto;2.9;3;41;Não;;19;4;0;6390;;2025;;1.64
459;Bruno Souza Costa;Masculino;1990-07-26 00:00:00;36;MG;Belo Horizonte;Operações;Analista de Operações;Pleno;2018-10-25 00:00:00;;Ativo;4930;CLT;Presencial;4.6;3;17;Não;;25;3;5.8;4090;;2018;;7.92
460;Patricia Rodrigues Souza;Feminino;1987-12-20 00:00:00;38;ES;Vitória;Financeiro;Coordenador Financeiro;Coordenação;2025-08-26 00:00:00;;Ativo;9110;CLT;Presencial;4;4;35;Sim;;8;2;9.7;7700;;2025;;1.08
461;Felipe Almeida Silva;Masculino;1988-01-21 00:00:00;38;ES;Vitória;Tecnologia;Analista de Dados;Pleno;2021-03-10 00:00:00;;Ativo;8880;CLT;Híbrido;3;1;8;Não;;26;2;11.6;7650;;2021;;5.54
462;Gabriela Oliveira Araújo;Feminino;2001-10-02 00:00:00;24;BA;Salvador;Marketing;Coordenador de Marketing;Coordenação;2023-07-14 00:00:00;;Ativo;10890;CLT;Híbrido;2.6;5;10;Sim;2024-10-18 00:00:00;26;3;8.2;9460;;2023;;3.2
463;Isabela Almeida Costa;Feminino;1975-04-24 00:00:00;51;ES;Vitória;Operações;Assistente de Operações;Júnior;2025-09-20 00:00:00;2026-03-31 00:00:00;Desligado;3460;CLT;Presencial;3.4;5;28;Não;;5;4;16.3;2900;Mudança de cidade;2025;2026;0.53
464;Henrique Martins Souza;Masculino;2003-09-08 00:00:00;23;PI;Teresina;Jurídico;Advogado;Sênior;2023-07-01 00:00:00;2025-06-19 00:00:00;Desligado;10980;CLT;Presencial;3.2;3;9;Não;;26;5;0.6;10210;Desempenho;2023;2025;1.97
465;Eduardo Rocha Santos;Masculino;1983-01-22 00:00:00;43;PR;Curitiba;Jurídico;Analista Jurídico;Pleno;2020-02-09 00:00:00;;Ativo;5520;PJ;Híbrido;3;3;33;Não;;27;2;0;4710;;2020;;6.63
466;João Rodrigues Carvalho;Masculino;1982-02-09 00:00:00;44;BA;Salvador;Recursos Humanos;Analista de Recrutamento;Pleno;2024-06-22 00:00:00;;Ativo;4370;PJ;Híbrido;3.6;2;5;Não;;5;2;15.9;3930;;2024;;2.26
467;Helena Oliveira Fernandes;Feminino;1997-04-05 00:00:00;29;BA;Salvador;Logística;Supervisor de Logística;Supervisão;2018-08-06 00:00:00;;Ativo;6050;CLT;Híbrido;4;2;29;Sim;2021-02-21 00:00:00;16;2;1.4;5060;;2018;;8.14
468;Sabrina Souza Almeida;Feminino;1977-01-02 00:00:00;49;PI;Teresina;Marketing;Analista de Marketing;Pleno;2018-09-27 00:00:00;;Ativo;4830;PJ;Híbrido;3.1;4;29;Não;;7;2;0;4150;;2018;;7.99
469;Patricia Fernandes Lima;Feminino;1988-12-01 00:00:00;37;RJ;Rio de Janeiro;Recursos Humanos;Coordenador de RH;Coordenação;2026-04-16 00:00:00;;Ativo;10670;CLT;Presencial;4;4;13;Não;;21;3;1.8;9030;;2026;;0.44
470;Eduardo Costa Silva;Masculino;1992-08-19 00:00:00;34;SP;São Paulo;Jurídico;Assistente Jurídico;Júnior;2023-04-20 00:00:00;;Ativo;3950;CLT;Remoto;3.7;2;37;Não;;24;3;10.5;3420;;2023;;3.43
471;João Rocha Fernandes;Masculino;1986-11-16 00:00:00;39;RS;Porto Alegre;Operações;Coordenador de Operações;Coordenação;2018-02-25 00:00:00;;Ativo;8550;CLT;Híbrido;2.9;5;34;Sim;2022-12-30 00:00:00;16;0;7.8;8270;;2018;;8.58
472;Juliana Fernandes Rocha;Feminino;1971-04-19 00:00:00;55;DF;Brasília;Logística;Supervisor de Logística;Supervisão;2020-04-25 00:00:00;;Ativo;5650;Estágio;Híbrido;3.5;3;44;Não;;28;8;0;5380;;2020;;6.42
473;Caio Araújo Carvalho;Masculino;1996-05-10 00:00:00;30;PR;Curitiba;Tecnologia;Analista de BI;Pleno;2023-11-01 00:00:00;;Ativo;8920;CLT;Híbrido;2.5;3;22;Sim;2024-11-17 00:00:00;15;1;11.5;8230;;2023;;2.9
474;William Costa Lima;Masculino;2001-05-03 00:00:00;25;ES;Vitória;Marketing;Assistente de Marketing;Júnior;2023-02-03 00:00:00;;Ativo;2920;CLT;Presencial;3.4;3;4;Não;;21;3;6.1;2450;;2023;;3.64
475;Juliana Oliveira Nascimento;Feminino;1979-12-07 00:00:00;46;BA;Salvador;Financeiro;Analista Contábil;Pleno;2020-06-15 00:00:00;;Ativo;7020;CLT;Híbrido;3.1;1;20;Não;;19;4;4.6;6470;;2020;;6.28
476;Igor Rodrigues Nascimento;Masculino;1978-07-18 00:00:00;48;PR;Curitiba;Marketing;Designer;Pleno;2018-12-17 00:00:00;;Ativo;6280;CLT;Presencial;4.4;4;10;Sim;2022-06-09 00:00:00;22;1;23.1;5820;;2018;;7.77
477;Isabela Martins Gomes;Feminino;1996-08-01 00:00:00;30;CE;Fortaleza;Tecnologia;Suporte Técnico;Júnior;2022-09-21 00:00:00;;Ativo;3040;PJ;Híbrido;3.1;5;38;Não;;28;2;4.8;2670;;2022;;4.01
478;Ana Martins Martins;Feminino;1973-02-02 00:00:00;53;RS;Porto Alegre;Financeiro;Analista Contábil;Pleno;2024-08-31 00:00:00;;Ativo;5280;CLT;Presencial;4.7;1;11;Não;;21;0;7.2;4890;;2024;;2.07
479;Natália Pereira Almeida;Feminino;1979-05-21 00:00:00;47;RS;Porto Alegre;Tecnologia;Suporte Técnico;Júnior;2023-06-10 00:00:00;;Ativo;3140;CLT;Presencial;4.2;2;17;Sim;2024-07-29 00:00:00;26;1;1;3010;;2023;;3.29
480;Marcelo Costa Almeida;Masculino;1986-10-22 00:00:00;39;PE;Recife;Financeiro;Coordenador Financeiro;Coordenação;2019-08-23 00:00:00;;Ativo;8650;PJ;Híbrido;3.6;2;36;Não;;17;3;15.6;7470;;2019;;7.09
481;Natália Fernandes Nascimento;Feminino;1995-07-23 00:00:00;31;ES;Vitória;Financeiro;Coordenador Financeiro;Coordenação;2022-09-04 00:00:00;;Ativo;8520;CLT;Presencial;2.9;1;45;Não;;21;4;6.5;8150;;2022;;4.06
482;Larissa Martins Nascimento;Feminino;1970-03-12 00:00:00;56;CE;Fortaleza;Comercial;Executivo de Vendas;Pleno;2025-12-02 00:00:00;;Ativo;6550;CLT;Presencial;3.5;5;25;Não;;27;3;2.5;6120;;2025;;0.81
483;Gabriela Oliveira Rocha;Feminino;1994-08-20 00:00:00;32;GO;Goiânia;Recursos Humanos;Analista de Recrutamento;Pleno;2019-06-15 00:00:00;;Ativo;5470;CLT;Híbrido;3.7;1;14;Sim;2024-03-07 00:00:00;3;2;0;4750;;2019;;7.28
484;Sabrina Souza Costa;Feminino;1994-07-03 00:00:00;32;SP;São Paulo;Marketing;Assistente de Marketing;Júnior;2018-06-03 00:00:00;;Ativo;2610;CLT;Híbrido;3.6;1;15;Não;;22;1;9.2;2390;;2018;;8.31
485;Nicolas Nascimento Rocha;Masculino;1998-11-10 00:00:00;27;PR;Curitiba;Comercial;Analista Comercial;Pleno;2022-11-13 00:00:00;;Ativo;6430;CLT;Híbrido;2.9;2;6;Não;;28;0;20.1;5820;;2022;;3.87
486;Beatriz Costa Rocha;Feminino;1982-04-19 00:00:00;44;PA;Belém;Jurídico;Advogado;Sênior;2021-12-13 00:00:00;;Ativo;11550;PJ;Híbrido;3.6;4;31;Não;;27;3;9.2;10830;;2021;;4.78
487;Helena Rocha Almeida;Feminino;1973-10-18 00:00:00;52;SC;Florianópolis;Tecnologia;Desenvolvedor Pleno;Pleno;2021-04-02 00:00:00;2022-10-28 00:00:00;Desligado;7670;CLT;Remoto;3.9;5;40;Não;;16;4;15.5;6750;Pedido de demissão;2021;2022;1.57
488;Helena Rocha Nascimento;Feminino;1971-01-11 00:00:00;55;BA;Salvador;Marketing;Analista de Marketing;Pleno;2021-10-02 00:00:00;2022-04-01 00:00:00;Desligado;4420;CLT;Híbrido;3.3;1;19;Não;;25;7;3.1;4090;Pedido de demissão;2021;2022;0.5
489;Eduardo Gomes Oliveira;Masculino;2000-03-09 00:00:00;26;DF;Brasília;Tecnologia;Desenvolvedor Júnior;Júnior;2018-05-26 00:00:00;;Ativo;4720;CLT;Híbrido;3.9;2;5;Não;;0;0;9.9;4250;;2018;;8.33
490;Bruno Rocha Santos;Masculino;1994-07-23 00:00:00;32;MG;Belo Horizonte;Logística;Coordenador de Logística;Coordenação;2024-02-29 00:00:00;;Ativo;8310;PJ;Remoto;2.4;3;26;Sim;;29;4;9.8;7550;;2024;;2.57
491;Carlos Silva Almeida;Masculino;1973-02-02 00:00:00;53;MG;Belo Horizonte;Jurídico;Assistente Jurídico;Júnior;2021-03-03 00:00:00;;Ativo;3290;CLT;Presencial;3.4;4;46;Sim;2022-08-07 00:00:00;2;5;8;2940;;2021;;5.56
492;Caio Almeida Martins;Masculino;1989-06-25 00:00:00;37;CE;Fortaleza;Marketing;Analista de Marketing;Pleno;2023-11-28 00:00:00;2024-12-18 00:00:00;Desligado;6090;CLT;Presencial;4.4;4;43;Não;;2;3;11.6;5890;Desempenho;2023;2024;1.06
493;Patricia Souza Fernandes;Feminino;1979-01-08 00:00:00;47;DF;Brasília;Jurídico;Advogado;Sênior;2026-07-28 00:00:00;;Ativo;8010;CLT;Presencial;3.5;1;7;Não;;19;4;7;7030;;2026;;0.16
494;Rafael Rodrigues Carvalho;Masculino;1981-11-14 00:00:00;44;CE;Fortaleza;Tecnologia;Engenheiro de Dados;Sênior;2021-06-03 00:00:00;;Ativo;13580;PJ;Remoto;3.7;3;20;Não;;18;3;9.6;12610;;2021;;5.31
495;Isabela Santos Souza;Feminino;1994-12-22 00:00:00;31;RS;Porto Alegre;Jurídico;Analista Jurídico;Pleno;2024-06-03 00:00:00;;Ativo;6810;CLT;Remoto;1.6;2;12;Não;;8;4;13.3;5670;;2024;;2.31
496;William Araújo Carvalho;Masculino;1972-10-09 00:00:00;53;SC;Florianópolis;Marketing;Designer;Pleno;2025-04-28 00:00:00;;Ativo;5320;CLT;Híbrido;2.1;3;20;Não;;14;0;9.7;4730;;2025;;1.41
497;Marcelo Rodrigues Gomes;Masculino;1973-10-03 00:00:00;52;RS;Porto Alegre;Operações;Assistente de Operações;Júnior;2022-12-10 00:00:00;;Ativo;3320;CLT;Remoto;4.2;2;43;Não;;7;5;9.5;3060;;2022;;3.79
498;André Santos Almeida;Masculino;1973-12-09 00:00:00;52;RS;Porto Alegre;Tecnologia;Engenheiro de Dados;Sênior;2021-12-18 00:00:00;;Ativo;9270;CLT;Presencial;3.7;5;32;Sim;2023-05-25 00:00:00;7;3;16.7;8750;;2021;;4.77
499;Eduardo Gomes Lima;Masculino;1979-01-11 00:00:00;47;PI;Teresina;Operações;Supervisor de Operações;Supervisão;2022-07-30 00:00:00;2024-11-03 00:00:00;Desligado;6680;Estágio;Híbrido;3.7;2;41;Sim;;6;3;11;6260;Fim de contrato;2022;2024;2.26
500;Caio Rodrigues Carvalho;Masculino;1972-11-24 00:00:00;53;MG;Belo Horizonte;Logística;Auxiliar de Logística;Júnior;2018-11-13 00:00:00;2021-07-19 00:00:00;Desligado;2770;Estágio;Híbrido;2.9;4;38;Não;;27;5;0;2520;Reestruturação;2018;2021;2.68
